Date,Crypto,Close,Returns,Volatility,Sharpe_Ratio
2025-06-23 05:30:00,Bitcoin,105333.93,0.04237285938879154,,-0.035987837317099064
2025-06-24 05:30:00,Bitcoin,106083.0,0.007086217120932048,,-0.035987837317099064
2025-06-25 05:30:00,Bitcoin,107340.58,0.011784963544526406,,-0.035987837317099064
2025-06-26 05:30:00,Bitcoin,106947.06,-0.003672824455673407,,-0.035987837317099064
2025-06-27 05:30:00,Bitcoin,107047.59,0.000939556268303221,,-0.035987837317099064
2025-06-28 05:30:00,Bitcoin,107296.79,0.0023252311283279425,,-0.035987837317099064
2025-06-29 05:30:00,Bitcoin,108356.93,0.009831952261780685,0.015207358960211997,-0.035987837317099064
2025-06-30 05:30:00,Bitcoin,107146.5,-0.011233628430861842,0.008063868250161062,-0.035987837317099064
2025-07-01 05:30:00,Bitcoin,105681.14,-0.013770609458806149,0.009739079587780742,-0.035987837317099064
2025-07-02 05:30:00,Bitcoin,108849.6,0.02954066545374623,0.01458926433399585,-0.035987837317099064
2025-07-03 05:30:00,Bitcoin,109584.78,0.006731383365641719,0.014444946094642398,-0.035987837317099064
2025-07-04 05:30:00,Bitcoin,107984.24,-0.014713205707566956,0.01602860337650822,-0.035987837317099064
2025-07-05 05:30:00,Bitcoin,108198.12,0.001978700480306017,0.016025244156085222,-0.035987837317099064
2025-07-06 05:30:00,Bitcoin,109203.84,0.009252236497324873,0.015974588413317097,-0.035987837317099064
2025-07-07 05:30:00,Bitcoin,108262.94,-0.008653329682976718,0.0156690762376201,-0.035987837317099064
2025-07-08 05:30:00,Bitcoin,108922.98,0.006078129116499298,0.014173722777367587,-0.035987837317099064
2025-07-09 05:30:00,Bitcoin,111233.99,0.020994973616712542,0.011809914785129058,-0.035987837317099064
2025-07-10 05:30:00,Bitcoin,116010.0,0.04204039370937984,0.018983422443442866,-0.035987837317099064
2025-07-11 05:30:00,Bitcoin,117527.66,0.012997315848982893,0.016092788087069335,-0.035987837317099064
2025-07-12 05:30:00,Bitcoin,117420.0,-0.0009164595002584264,0.016429888839370476,-0.035987837317099064
2025-07-13 05:30:00,Bitcoin,119086.64,0.01409404479001175,0.01641232278115733,-0.035987837317099064
2025-07-14 05:30:00,Bitcoin,119841.18,0.006316070756330561,0.014015771465959441,-0.035987837317099064
2025-07-15 05:30:00,Bitcoin,117758.09,-0.017534930762700185,0.018506804981982237,-0.035987837317099064
2025-07-16 05:30:00,Bitcoin,118630.43,0.007380594962262066,0.018007356015230423,-0.035987837317099064
2025-07-17 05:30:00,Bitcoin,119177.56,0.004601451493543962,0.010706380540216904,-0.035987837317099064
2025-07-18 05:30:00,Bitcoin,117924.84,-0.010567009500656255,0.011049364476712967,-0.035987837317099064
2025-07-19 05:30:00,Bitcoin,117840.0,-0.000719700220457753,0.011045463693644089,-0.035987837317099064
2025-07-20 05:30:00,Bitcoin,117265.12,-0.00489041791811573,0.009355636100802553,-0.035987837317099064
2025-07-21 05:30:00,Bitcoin,117380.36,0.0009822478512298005,0.008743429128817948,-0.035987837317099064
2025-07-22 05:30:00,Bitcoin,119954.42,0.02169223520627206,0.010283289199730422,-0.035987837317099064
2025-07-23 05:30:00,Bitcoin,118755.99,-0.010040953545907172,0.01102608999775498,-0.035987837317099064
2025-07-24 05:30:00,Bitcoin,118340.99,-0.003500680808423695,0.010905659088792957,-0.035987837317099064
2025-07-25 05:30:00,Bitcoin,117614.31,-0.006159491204291712,0.010376043447907522,-0.035987837317099064
2025-07-26 05:30:00,Bitcoin,117919.99,0.0025956319026292363,0.010433283581152811,-0.035987837317099064
2025-07-27 05:30:00,Bitcoin,119415.55,0.012603083346819588,0.011112551839590413,-0.035987837317099064
2025-07-28 05:30:00,Bitcoin,118062.32,-0.011396806340219001,0.012330422890495565,-0.035987837317099064
2025-07-29 05:30:00,Bitcoin,117950.76,-0.0009453714032190419,0.008234444690147193,-0.035987837317099064
2025-07-30 05:30:00,Bitcoin,117840.3,-0.0009369312651674733,0.007515189009598383,-0.035987837317099064
2025-07-31 05:30:00,Bitcoin,115764.08,-0.017775990938678987,0.009848149386870605,-0.035987837317099064
2025-08-01 05:30:00,Bitcoin,113297.93,-0.021533429249677383,0.012091279083477863,-0.035987837317099064
2025-08-02 05:30:00,Bitcoin,112546.35,-0.006655760991845838,0.01157366490493252,-0.035987837317099064
2025-08-03 05:30:00,Bitcoin,114208.8,0.014663215250676487,0.01215673764435393,-0.035987837317099064
2025-08-04 05:30:00,Bitcoin,115055.03,0.007382183600908476,0.012910879574835056,-0.035987837317099064
2025-08-05 05:30:00,Bitcoin,114129.75,-0.008074576568789738,0.012939812332832682,-0.035987837317099064
2025-08-06 05:30:00,Bitcoin,114992.27,0.007528949634181714,0.013722584385324131,-0.035987837317099064
2025-08-07 05:30:00,Bitcoin,117472.01,0.021335183728332652,0.014854435617142314,-0.035987837317099064
2025-08-08 05:30:00,Bitcoin,116674.74,-0.006810029019948871,0.01164785368480105,-0.035987837317099064
2025-08-09 05:30:00,Bitcoin,116462.25,-0.0018228772606168064,0.01102397669214238,-0.035987837317099064
2025-08-10 05:30:00,Bitcoin,119294.01,0.02402393212706322,0.012827815963245098,-0.035987837317099064
2025-08-11 05:30:00,Bitcoin,118686.0,-0.005109768025592487,0.01349147081882337,-0.035987837317099064
2025-08-12 05:30:00,Bitcoin,120134.08,0.012127102101079146,0.012492314444296779,-0.035987837317099064
2025-08-13 05:30:00,Bitcoin,123306.43,0.026064105677022553,0.01436659565118951,-0.035987837317099064
2025-08-14 05:30:00,Bitcoin,118295.09,-0.04149029256629255,0.023071781526231485,-0.035987837317099064
2025-08-15 05:30:00,Bitcoin,117342.05,-0.008089091530436576,0.02314885677200375,-0.035987837317099064
2025-08-16 05:30:00,Bitcoin,117380.66,0.0003289839346880541,0.023122265225746837,-0.035987837317099064
2025-08-17 05:30:00,Bitcoin,117405.01,0.00020742322210054454,0.02082925492075507,-0.035987837317099064
2025-08-18 05:30:00,Bitcoin,116227.05,-0.01008397547729345,0.021025796646539988,-0.035987837317099064
2025-08-19 05:30:00,Bitcoin,112872.94,-0.029282844329104663,0.02187180290063736,-0.035987837317099064
2025-08-20 05:30:00,Bitcoin,114271.24,0.012312159298069503,0.01857653307894416,-0.035987837317099064
2025-08-21 05:30:00,Bitcoin,112500.0,-0.015621698947350993,0.013291353883478416,-0.035987837317099064
2025-08-22 05:30:00,Bitcoin,116935.99,0.038673469425647866,0.021790174111634846,-0.035987837317099064
2025-08-23 05:30:00,Bitcoin,115438.05,-0.01289266863906846,0.02227447944264329,-0.035987837317099064
2025-08-24 05:30:00,Bitcoin,113493.59,-0.016987662875338927,0.022880948130117106,-0.035987837317099064
2025-08-25 05:30:00,Bitcoin,110111.98,-0.030248511573908843,0.024836849016687965,-0.035987837317099064
2025-08-26 05:30:00,Bitcoin,111763.22,0.014884678291290143,0.024043869971196966,-0.035987837317099064
2025-08-27 05:30:00,Bitcoin,111262.01,-0.004494655997294927,0.023271805824103712,-0.035987837317099064
2025-08-28 05:30:00,Bitcoin,112566.9,0.01165984129118236,0.02324890060281416,-0.035987837317099064
2025-08-29 05:30:00,Bitcoin,108377.4,-0.0379281313827633,0.019835689234131676,-0.035987837317099064
2025-08-30 05:30:00,Bitcoin,108816.33,0.004041834886722384,0.0205654636915937,-0.035987837317099064
2025-08-31 05:30:00,Bitcoin,108246.35,-0.005251767001620777,0.020227997876822404,-0.035987837317099064
2025-09-01 05:30:00,Bitcoin,109237.42,0.00911403053483184,0.0179543391084903,-0.035987837317099064
2025-09-02 05:30:00,Bitcoin,111240.01,0.018166440657326532,0.018477707560153628,-0.035987837317099064
2025-09-03 05:30:00,Bitcoin,111705.71,0.004177704576074248,0.018469289860948538,-0.035987837317099064
2025-09-04 05:30:00,Bitcoin,110730.87,-0.008765161209067784,0.018033269198244453,-0.035987837317099064
2025-09-05 05:30:00,Bitcoin,110659.99,-0.0006403155254179893,0.009033583101340267,-0.035987837317099064
2025-09-06 05:30:00,Bitcoin,110187.97,-0.004274621497469155,0.009409342353845966,-0.035987837317099064
2025-09-07 05:30:00,Bitcoin,111137.34,0.008579008182540093,0.009132413687178225,-0.035987837317099064
2025-09-08 05:30:00,Bitcoin,112065.23,0.008314378685941648,0.009059062909641095,-0.035987837317099064
2025-09-09 05:30:00,Bitcoin,111546.39,-0.004640554288638299,0.0067841233265684255,-0.035987837317099064
2025-09-10 05:30:00,Bitcoin,113960.0,0.021406951444262745,0.010496064322753178,-0.035987837317099064
2025-09-11 05:30:00,Bitcoin,115482.69,0.013273138970621545,0.009705353520511396,-0.035987837317099064
2025-09-12 05:30:00,Bitcoin,116029.42,0.004723131039401807,0.009296619954184711,-0.035987837317099064
2025-09-13 05:30:00,Bitcoin,115918.29,-0.0009582332889035428,0.008705761452410064,-0.035987837317099064
2025-09-14 05:30:00,Bitcoin,115268.01,-0.005625607702317126,0.009913967366065729,-0.035987837317099064
2025-09-15 05:30:00,Bitcoin,115349.71,0.0007085318805337693,0.009934224000082523,-0.035987837317099064
2025-09-16 05:30:00,Bitcoin,116788.96,0.012400074849789888,0.009506412754534,-0.035987837317099064
2025-09-17 05:30:00,Bitcoin,116447.59,-0.0029272448401407303,0.007385451678221823,-0.035987837317099064
2025-09-18 05:30:00,Bitcoin,117073.53,0.005360898398272695,0.006051237050558022,-0.035987837317099064
2025-09-19 05:30:00,Bitcoin,115632.38,-0.01238617811420717,0.007914927296695634,-0.035987837317099064
2025-09-20 05:30:00,Bitcoin,115685.63,0.00046040514476786143,0.007919091475555945,-0.035987837317099064
2025-09-21 05:30:00,Bitcoin,115232.29,-0.003926421842189498,0.007752465356057279,-0.035987837317099064
2025-09-22 05:30:00,Bitcoin,112650.99,-0.022655549003408382,0.011498727091582927,-0.035987837317099064
2025-09-23 05:30:00,Bitcoin,111998.8,-0.005806298169945379,0.009154001472605432,-0.035987837317099064
2025-09-24 05:30:00,Bitcoin,113307.0,0.011612792050812004,0.011349334525325947,-0.035987837317099064
2025-09-25 05:30:00,Bitcoin,108994.49,-0.03880361851008374,0.016463039563995547,-0.035987837317099064
2025-09-26 05:30:00,Bitcoin,109643.46,0.005936498269548451,0.017485165885388614,-0.035987837317099064
2025-09-27 05:30:00,Bitcoin,109635.85,-6.94091932622598e-05,0.017445574502159743,-0.035987837317099064
2025-09-28 05:30:00,Bitcoin,112163.95,0.022797220643521854,0.02097010464844801,-0.035987837317099064
2025-09-29 05:30:00,Bitcoin,114311.96,0.01896956203457023,0.02064981969185428,-0.035987837317099064
2025-09-30 05:30:00,Bitcoin,114048.93,-0.0023036354107670576,0.02046820058505489,-0.035987837317099064
2025-10-01 05:30:00,Bitcoin,118594.99,0.03908667600199678,0.02468594578282859,-0.035987837317099064
2025-10-02 05:30:00,Bitcoin,120529.35,0.016179048899138238,0.014514311048146954,-0.035987837317099064
2025-10-03 05:30:00,Bitcoin,122232.0,0.014027586512955992,0.01404527572881294,-0.035987837317099064
2025-10-04 05:30:00,Bitcoin,122391.0,0.001299959712628862,0.013799228232884382,-0.035987837317099064
2025-10-05 05:30:00,Bitcoin,123482.31,0.008877068978927483,0.013611481877387943,-0.035987837317099064
2025-10-06 05:30:00,Bitcoin,124658.54,0.009480412513902081,0.013474966964683708,-0.035987837317099064
2025-10-07 05:30:00,Bitcoin,121332.95,-0.027039899832891123,0.01974953538528959,-0.035987837317099064
2025-10-08 05:30:00,Bitcoin,123306.0,0.01613065116385748,0.015294207546625917,-0.035987837317099064
2025-10-09 05:30:00,Bitcoin,121662.4,-0.013419074980520307,0.015948158057519812,-0.035987837317099064
2025-10-10 05:30:00,Bitcoin,112774.5,-0.07585974612842605,0.03206774762152293,-0.035987837317099064
2025-10-11 05:30:00,Bitcoin,110644.4,-0.01906879449319554,0.03163342801913751,-0.035987837317099064
2025-10-12 05:30:00,Bitcoin,114958.8,0.03825234811823108,0.03676967072846751,-0.035987837317099064
2025-10-13 05:30:00,Bitcoin,115166.0,0.0018007625079210499,0.03619404688925174,-0.035987837317099064
2025-10-14 05:30:00,Bitcoin,113028.14,-0.018737751551798354,0.03572587639942205,-0.035987837317099064
2025-10-15 05:30:00,Bitcoin,110763.28,-0.02024150281585335,0.03386676562145819,-0.035987837317099064
2025-10-16 05:30:00,Bitcoin,108194.28,-0.023466811492916406,0.03398525307137496,-0.035987837317099064
2025-10-17 05:30:00,Bitcoin,106431.68,-0.0164252229988886,0.02210846194354438,-0.035987837317099064
2025-10-18 05:30:00,Bitcoin,107185.01,0.007053129818340054,0.022186283347027224,-0.035987837317099064
2025-10-19 05:30:00,Bitcoin,108642.78,0.013508845814879322,0.015058804207771373,-0.035987837317099064
2025-10-20 05:30:00,Bitcoin,110532.09,0.01724063345299598,0.01765327114890068,-0.035987837317099064
2025-10-21 05:30:00,Bitcoin,108297.67,-0.020422246574193892,0.017868135719253685,-0.035987837317099064
2025-10-22 05:30:00,Bitcoin,107567.44,-0.006765639759505504,0.016784639093978943,-0.035987837317099064
2025-10-23 05:30:00,Bitcoin,110078.18,0.023072840914215575,0.01708747689617174,-0.035987837317099064
2025-10-24 05:30:00,Bitcoin,111004.89,0.008383413777913518,0.014956058968641946,-0.035987837317099064
2025-10-25 05:30:00,Bitcoin,111646.27,0.005761315360732766,0.014949012712320825,-0.035987837317099064
2025-10-26 05:30:00,Bitcoin,114559.4,0.0257578960116831,0.016621612427809716,-0.035987837317099064
2025-10-27 05:30:00,Bitcoin,114107.65,-0.003951164697452825,0.016497269530892738,-0.035987837317099064
2025-10-28 05:30:00,Bitcoin,112898.45,-0.010653558973311661,0.014299766719326965,-0.035987837317099064
2025-10-29 05:30:00,Bitcoin,110021.29,-0.025814849578230437,0.018358171978052767,-0.035987837317099064
2025-10-30 05:30:00,Bitcoin,108322.88,-0.015557495821203915,0.01716383411474344,-0.035987837317099064
2025-10-31 05:30:00,Bitcoin,109608.01,0.011794059086765785,0.017561338650325584,-0.035987837317099064
2025-11-01 05:30:00,Bitcoin,110098.1,0.004461330755654913,0.017474597490815515,-0.035987837317099064
2025-11-02 05:30:00,Bitcoin,110540.68,0.004011811464845749,0.01310521158565241,-0.035987837317099064
2025-11-03 05:30:00,Bitcoin,106583.04,-0.03645919836858269,0.01761391404250906,-0.035987837317099064
2025-11-04 05:30:00,Bitcoin,101497.22,-0.048892990692746,0.0230373405408348,-0.035987837317099064
2025-11-05 05:30:00,Bitcoin,103885.16,0.02325464931597665,0.026480274122710756,-0.035987837317099064
2025-11-06 05:30:00,Bitcoin,101346.04,-0.02474525864647603,0.027125679705492803,-0.035987837317099064
2025-11-07 05:30:00,Bitcoin,103339.08,0.01947482055427585,0.02826262679646777,-0.035987837317099064
2025-11-08 05:30:00,Bitcoin,102312.94,-0.009979464496074897,0.027687407172105546,-0.035987837317099064
2025-11-09 05:30:00,Bitcoin,104722.96,0.02328223138207619,0.030211054054043538,-0.035987837317099064
2025-11-10 05:30:00,Bitcoin,106011.13,0.01222570154598479,0.02801750676045508,-0.035987837317099064
2025-11-11 05:30:00,Bitcoin,103058.99,-0.028242545864333835,0.02268562453352923,-0.035987837317099064
2025-11-12 05:30:00,Bitcoin,101654.37,-0.01372301293113054,0.021218553380770534,-0.035987837317099064
2025-11-13 05:30:00,Bitcoin,99692.02,-0.0194928961604397,0.02040278625306101,-0.035987837317099064
2025-11-14 05:30:00,Bitcoin,94594.0,-0.05249158454481062,0.025151246202653445,-0.035987837317099064
2025-11-15 05:30:00,Bitcoin,95596.24,0.010539439640718129,0.026662176875424128,-0.035987837317099064
2025-11-16 05:30:00,Bitcoin,94261.44,-0.014061290467363818,0.02235014937882678,-0.035987837317099064
2025-11-17 05:30:00,Bitcoin,92215.14,-0.0219478729477931,0.01886342186458738,-0.035987837317099064
2025-11-18 05:30:00,Bitcoin,92960.83,0.008053896310370234,0.02105481662210874,-0.035987837317099064
2025-11-19 05:30:00,Bitcoin,91554.96,-0.015238773937443995,0.021050505370421843,-0.035987837317099064
2025-11-20 05:30:00,Bitcoin,86637.23,-0.05520981689189419,0.026066665787541608,-0.035987837317099064
2025-11-21 05:30:00,Bitcoin,85129.43,-0.017556826574242734,0.021818561006379557,-0.035987837317099064
2025-11-22 05:30:00,Bitcoin,84739.74,-0.004588127246520912,0.019484734014644903,-0.035987837317099064
2025-11-23 05:30:00,Bitcoin,86830.0,0.024367507087484697,0.02512170943709623,-0.035987837317099064
2025-11-24 05:30:00,Bitcoin,88300.01,0.01678803678763785,0.026712147918455307,-0.035987837317099064
2025-11-25 05:30:00,Bitcoin,87369.96,-0.010588704373343916,0.025973561566966768,-0.035987837317099064
2025-11-26 05:30:00,Bitcoin,90484.02,0.03502174404226999,0.03047374868850123,-0.035987837317099064
2025-11-27 05:30:00,Bitcoin,91333.95,0.009349308992867122,0.01929077113884214,-0.035987837317099064
2025-11-28 05:30:00,Bitcoin,90890.7,-0.004864883803623599,0.016998894199269147,-0.035987837317099064
2025-11-29 05:30:00,Bitcoin,90802.44,-0.0009715282254703084,0.016553611856714348,-0.035987837317099064
2025-11-30 05:30:00,Bitcoin,90360.0,-0.004884465893088219,0.015966137042965085,-0.035987837317099064
2025-12-01 05:30:00,Bitcoin,86286.01,-0.046134215573856,0.024244715533758617,-0.035987837317099064
2025-12-02 05:30:00,Bitcoin,91277.88,0.05624100401714749,0.03260954086121166,-0.035987837317099064
2025-12-03 05:30:00,Bitcoin,93429.95,0.023303477601613665,0.03115474085007502,-0.035987837317099064
2025-12-04 05:30:00,Bitcoin,92078.06,-0.01457526208899651,0.03184852195422559,-0.035987837317099064
2025-12-05 05:30:00,Bitcoin,89330.04,-0.03029887006416132,0.034026646855039984,-0.035987837317099064
2025-12-06 05:30:00,Bitcoin,89236.79,-0.0010444269910223625,0.03402612142854228,-0.035987837317099064
2025-12-07 05:30:00,Bitcoin,90395.31,0.01289898702078851,0.034477966703069324,-0.035987837317099064
2025-12-08 05:30:00,Bitcoin,90634.34,0.0026407844119589186,0.02788574065944874,-0.035987837317099064
2025-12-09 05:30:00,Bitcoin,92678.8,0.0223065817697794,0.019631616611057084,-0.035987837317099064
2025-12-10 05:30:00,Bitcoin,92015.37,-0.007184123390461039,0.017420546535957367,-0.035987837317099064
2025-12-11 05:30:00,Bitcoin,92513.38,0.005397654393828333,0.016671441787827566,-0.035987837317099064
2025-12-12 05:30:00,Bitcoin,90268.42,-0.024565606595954748,0.014947951055798768,-0.035987837317099064
2025-12-13 05:30:00,Bitcoin,90240.01,-0.00031477754512110323,0.014929842333710515,-0.035987837317099064
2025-12-14 05:30:00,Bitcoin,88172.17,-0.023181518223392317,0.01652107000902234,-0.035987837317099064
2025-12-15 05:30:00,Bitcoin,86432.08,-0.01993247714905877,0.01729456634702118,-0.035987837317099064
2025-12-16 05:30:00,Bitcoin,87863.42,0.01642466016055444,0.015716619442054165,-0.035987837317099064
2025-12-17 05:30:00,Bitcoin,86243.22,-0.018612119227457313,0.016248074690366043,-0.035987837317099064
2025-12-18 05:30:00,Bitcoin,89092.58,0.03250460966642166,0.022391175390998625,-0.035987837317099064
2025-06-23 05:30:00,Ethereum,2411.66,0.07934564398281108,,0.04432588614750484
2025-06-24 05:30:00,Ethereum,2448.45,0.015139864214513743,,0.04432588614750484
2025-06-25 05:30:00,Ethereum,2418.49,-0.012311792807957467,,0.04432588614750484
2025-06-26 05:30:00,Ethereum,2415.96,-0.0010466548339378434,,0.04432588614750484
2025-06-27 05:30:00,Ethereum,2423.17,0.0029798766865933857,,0.04432588614750484
2025-06-28 05:30:00,Ethereum,2435.62,0.005124743916839591,,0.04432588614750484
2025-06-29 05:30:00,Ethereum,2500.09,0.02612538697861666,0.030260713747343737,0.04432588614750484
2025-06-30 05:30:00,Ethereum,2485.47,-0.005864954752458296,0.012936624211176924,0.04432588614750484
2025-07-01 05:30:00,Ethereum,2405.01,-0.03290771492047462,0.017990233930648625,0.04432588614750484
2025-07-02 05:30:00,Ethereum,2570.41,0.06651135770377259,0.030902094094591687,0.04432588614750484
2025-07-03 05:30:00,Ethereum,2591.25,0.008074965510841636,0.030613412589900163,0.04432588614750484
2025-07-04 05:30:00,Ethereum,2508.04,-0.03263881316104378,0.03466764867295931,0.04432588614750484
2025-07-05 05:30:00,Ethereum,2516.41,0.003331711030045703,0.03467248897113002,0.04432588614750484
2025-07-06 05:30:00,Ethereum,2570.35,0.021208793768126455,0.03421196717103715,0.04432588614750484
2025-07-07 05:30:00,Ethereum,2542.29,-0.010976826745835666,0.03450988122137498,0.04432588614750484
2025-07-08 05:30:00,Ethereum,2615.25,0.028294445582588423,0.031445447202163156,0.04432588614750484
2025-07-09 05:30:00,Ethereum,2768.74,0.05703264782490436,0.028798109405711605,0.04432588614750484
2025-07-10 05:30:00,Ethereum,2951.29,0.06385001983809158,0.0350208145827176,0.04432588614750484
2025-07-11 05:30:00,Ethereum,2958.22,0.002345373195644207,0.028353951867650138,0.04432588614750484
2025-07-12 05:30:00,Ethereum,2943.28,-0.0050631303620845,0.029507372985083533,0.04432588614750484
2025-07-13 05:30:00,Ethereum,2972.03,0.009720615278928868,0.029900522398806934,0.04432588614750484
2025-07-14 05:30:00,Ethereum,3013.62,0.013896792937287294,0.026822161421793903,0.04432588614750484
2025-07-15 05:30:00,Ethereum,3137.89,0.04040858556728999,0.027505201901076717,0.04432588614750484
2025-07-16 05:30:00,Ethereum,3371.35,0.07176265809814275,0.03065564882211985,0.04432588614750484
2025-07-17 05:30:00,Ethereum,3476.87,0.030819206153466894,0.026502093477782786,0.04432588614750484
2025-07-18 05:30:00,Ethereum,3546.92,0.019947157492513412,0.02496022515144136,0.04432588614750484
2025-07-19 05:30:00,Ethereum,3592.01,0.012632313134524509,0.022021543600735556,0.04432588614750484
2025-07-20 05:30:00,Ethereum,3756.69,0.04482631614396837,0.021018448860739027,0.04432588614750484
2025-07-21 05:30:00,Ethereum,3762.33,0.0015001957855602654,0.023336902722086654,0.04432588614750484
2025-07-22 05:30:00,Ethereum,3746.21,-0.004293784082248564,0.02646337702900862,0.04432588614750484
2025-07-23 05:30:00,Ethereum,3628.29,-0.031983199341521384,0.02513177281561755,0.04432588614750484
2025-07-24 05:30:00,Ethereum,3706.94,0.021445275536585484,0.02409658789008909,0.04432588614750484
2025-07-25 05:30:00,Ethereum,3724.96,0.004849375076046769,0.023640824416003035,0.04432588614750484
2025-07-26 05:30:00,Ethereum,3741.1,0.004323572310550361,0.02351897749678152,0.04432588614750484
2025-07-27 05:30:00,Ethereum,3872.1,0.03441730969773005,0.020814554876475485,0.04432588614750484
2025-07-28 05:30:00,Ethereum,3799.0,-0.019059121321625128,0.022648887574680535,0.04432588614750484
2025-07-29 05:30:00,Ethereum,3793.79,-0.0013723547780699619,0.022553507196362257,0.04432588614750484
2025-07-30 05:30:00,Ethereum,3810.0,0.004263669711191298,0.016974600838141878,0.04432588614750484
2025-07-31 05:30:00,Ethereum,3698.39,-0.02973159932233216,0.02038495983825782,0.04432588614750484
2025-08-01 05:30:00,Ethereum,3488.2,-0.05851174596384645,0.029659359868745728,0.04432588614750484
2025-08-02 05:30:00,Ethereum,3393.94,-0.02739435545240454,0.02963945476974808,0.04432588614750484
2025-08-03 05:30:00,Ethereum,3496.74,0.029839617474776148,0.028420844553420175,0.04432588614750484
2025-08-04 05:30:00,Ethereum,3720.99,0.06215865603646087,0.04035407644694474,0.04432588614750484
2025-08-05 05:30:00,Ethereum,3612.0,-0.029728126356525664,0.041572484642525526,0.04432588614750484
2025-08-06 05:30:00,Ethereum,3683.31,0.019550168879220564,0.04265118476625673,0.04432588614750484
2025-08-07 05:30:00,Ethereum,3910.31,0.059804850307981994,0.04712969839387311,0.04432588614750484
2025-08-08 05:30:00,Ethereum,4009.5,0.025049890523005658,0.03697597816596571,0.04432588614750484
2025-08-09 05:30:00,Ethereum,4260.62,0.06074814433253195,0.03297920341210671,0.04432588614750484
2025-08-10 05:30:00,Ethereum,4250.57,-0.0023615980070612608,0.03555554989100377,0.04432588614750484
2025-08-11 05:30:00,Ethereum,4223.22,-0.006455221328954153,0.03395518388080455,0.04432588614750484
2025-08-12 05:30:00,Ethereum,4590.52,0.08339543715453956,0.03432328455021728,0.04432588614750484
2025-08-13 05:30:00,Ethereum,4749.3,0.03400393134970159,0.03372124432560523,0.04432588614750484
2025-08-14 05:30:00,Ethereum,4546.84,-0.04356475257801229,0.04305943573158051,0.04432588614750484
2025-08-15 05:30:00,Ethereum,4439.47,-0.023897486238018573,0.04625143833534871,0.04432588614750484
2025-08-16 05:30:00,Ethereum,4421.99,-0.003945178937147631,0.04172414981382906,0.04432588614750484
2025-08-17 05:30:00,Ethereum,4472.33,0.011319704604323633,0.04162517551713726,0.04432588614750484
2025-08-18 05:30:00,Ethereum,4312.99,-0.03627812652559115,0.04467781903233693,0.04432588614750484
2025-08-19 05:30:00,Ethereum,4075.59,-0.056615877602734344,0.032321716850531285,0.04432588614750484
2025-08-20 05:30:00,Ethereum,4336.16,0.06197364233702274,0.04039731862501878,0.04432588614750484
2025-08-21 05:30:00,Ethereum,4225.3,-0.025898899620051097,0.03868525814560993,0.04432588614750484
2025-08-22 05:30:00,Ethereum,4832.07,0.1341846830770539,0.06602567401551768,0.04432588614750484
2025-08-23 05:30:00,Ethereum,4778.4,-0.011169184846590241,0.0663739058198395,0.04432588614750484
2025-08-24 05:30:00,Ethereum,4780.15,0.0003661643281773763,0.06649614420883475,0.04432588614750484
2025-08-25 05:30:00,Ethereum,4376.18,-0.08829572903520422,0.07484781343079912,0.04432588614750484
2025-08-26 05:30:00,Ethereum,4600.63,0.05001705291016734,0.07169614162205444,0.04432588614750484
2025-08-27 05:30:00,Ethereum,4506.71,-0.020625853354003354,0.0698949481630831,0.04432588614750484
2025-08-28 05:30:00,Ethereum,4511.21,0.000998012928372205,0.0686078825917303,0.04432588614750484
2025-08-29 05:30:00,Ethereum,4360.18,-0.03405206930103333,0.041833255174168284,0.04432588614750484
2025-08-30 05:30:00,Ethereum,4373.7,0.0030959918843134204,0.04237672964015152,0.04432588614750484
2025-08-31 05:30:00,Ethereum,4391.83,0.004136663921828543,0.04259304751314078,0.04432588614750484
2025-09-01 05:30:00,Ethereum,4314.5,-0.017764553752352086,0.027083706505689475,0.04432588614750484
2025-09-02 05:30:00,Ethereum,4326.5,0.0027774580984321062,0.01525771720151164,0.04432588614750484
2025-09-03 05:30:00,Ethereum,4450.46,0.028248560557617708,0.019519116386379477,0.04432588614750484
2025-09-04 05:30:00,Ethereum,4297.55,-0.0349623687437699,0.023070779894433565,0.04432588614750484
2025-09-05 05:30:00,Ethereum,4307.45,0.002300988813017213,0.01980944582621553,0.04432588614750484
2025-09-06 05:30:00,Ethereum,4273.14,-0.0079971617002208,0.019801981289282247,0.04432588614750484
2025-09-07 05:30:00,Ethereum,4306.19,0.007704602454886356,0.02007009803770893,0.04432588614750484
2025-09-08 05:30:00,Ethereum,4306.37,4.1799418530885646e-05,0.01895682049049633,0.04432588614750484
2025-09-09 05:30:00,Ethereum,4310.09,0.0008634637034532489,0.018919314556537715,0.04432588614750484
2025-09-10 05:30:00,Ethereum,4349.32,0.009060725473808873,0.015046201444212197,0.04432588614750484
2025-09-11 05:30:00,Ethereum,4458.82,0.024864645993087464,0.010294261509448531,0.04432588614750484
2025-09-12 05:30:00,Ethereum,4712.16,0.05526224459511653,0.021316315864291096,0.04432588614750484
2025-09-13 05:30:00,Ethereum,4666.53,-0.00973064682615643,0.021606673263152805,0.04432588614750484
2025-09-14 05:30:00,Ethereum,4604.49,-0.013383840415569281,0.023762543676349574,0.04432588614750484
2025-09-15 05:30:00,Ethereum,4523.74,-0.017692829050488967,0.025805155519064184,0.04432588614750484
2025-09-16 05:30:00,Ethereum,4501.29,-0.0049750629760669796,0.026130181232163565,0.04432588614750484
2025-09-17 05:30:00,Ethereum,4590.53,0.019631463454173215,0.026623798697903135,0.04432588614750484
2025-09-18 05:30:00,Ethereum,4587.66,-0.0006253956593926802,0.025610479886664757,0.04432588614750484
2025-09-19 05:30:00,Ethereum,4468.59,-0.0262971675332917,0.014643129520984916,0.04432588614750484
2025-09-20 05:30:00,Ethereum,4480.42,0.0026438694092458803,0.015080902997209378,0.04432588614750484
2025-09-21 05:30:00,Ethereum,4444.97,-0.007943672245900757,0.014762612738280634,0.04432588614750484
2025-09-22 05:30:00,Ethereum,4199.08,-0.05690766611089515,0.024557145931486637,0.04432588614750484
2025-09-23 05:30:00,Ethereum,4164.26,-0.008326864910836562,0.02446078746172735,0.04432588614750484
2025-09-24 05:30:00,Ethereum,4152.81,-0.0027533752231523323,0.020987451832695056,0.04432588614750484
2025-09-25 05:30:00,Ethereum,3874.36,-0.06940472566749278,0.028326690431013296,0.04432588614750484
2025-09-26 05:30:00,Ethereum,4032.24,0.03994156493275902,0.037169853365549545,0.04432588614750484
2025-09-27 05:30:00,Ethereum,4018.38,-0.0034432164711226676,0.03676606110789727,0.04432588614750484
2025-09-28 05:30:00,Ethereum,4142.16,0.030338554573123844,0.04072032602047833,0.04432588614750484
2025-09-29 05:30:00,Ethereum,4215.07,0.017448807761484275,0.035879295719810314,0.04432588614750484
2025-09-30 05:30:00,Ethereum,4145.15,-0.016727222559595134,0.03636263600044495,0.04432588614750484
2025-10-01 05:30:00,Ethereum,4348.03,0.04778389284816065,0.04064218372267373,0.04432588614750484
2025-10-02 05:30:00,Ethereum,4484.35,0.030870688512347755,0.023431231101601648,0.04432588614750484
2025-10-03 05:30:00,Ethereum,4512.87,0.0063397572859535956,0.02229134020115975,0.04432588614750484
2025-10-04 05:30:00,Ethereum,4487.15,-0.005715558413767141,0.02263702389905278,0.04432588614750484
2025-10-05 05:30:00,Ethereum,4514.32,0.006036810101715417,0.021879894943375208,0.04432588614750484
2025-10-06 05:30:00,Ethereum,4684.01,0.03690001421518474,0.02379540754595146,0.04432588614750484
2025-10-07 05:30:00,Ethereum,4447.7,-0.05176747203007537,0.033361889189340826,0.04432588614750484
2025-10-08 05:30:00,Ethereum,4525.72,0.017389571885848554,0.029374011201029896,0.04432588614750484
2025-10-09 05:30:00,Ethereum,4368.09,-0.035450837890437015,0.03058151437123994,0.04432588614750484
2025-10-10 05:30:00,Ethereum,3829.72,-0.1315341491554456,0.056453609062097496,0.04432588614750484
2025-10-11 05:30:00,Ethereum,3746.79,-0.02189222006538394,0.055935426101886294,0.04432588614750484
2025-10-12 05:30:00,Ethereum,4152.29,0.10276051587678658,0.0740974283299281,0.04432588614750484
2025-10-13 05:30:00,Ethereum,4240.85,0.02110373156831713,0.07258719199481303,0.04432588614750484
2025-10-14 05:30:00,Ethereum,4125.02,-0.02769285259047649,0.0710648573606245,0.04432588614750484
2025-10-15 05:30:00,Ethereum,3985.61,-0.03438049370459062,0.07033727265494508,0.04432588614750484
2025-10-16 05:30:00,Ethereum,3894.51,-0.023122505456864673,0.06998549100748927,0.04432588614750484
2025-10-17 05:30:00,Ethereum,3831.57,-0.016293228229644185,0.048705508014556274,0.04432588614750484
2025-10-18 05:30:00,Ethereum,3889.21,0.014931411304294429,0.04792049717724674,0.04432588614750484
2025-10-19 05:30:00,Ethereum,3982.58,0.02372379831186855,0.02493789968286784,0.04432588614750484
2025-10-20 05:30:00,Ethereum,3979.22,-0.0008440302945231792,0.022197004872857855,0.04432588614750484
2025-10-21 05:30:00,Ethereum,3873.05,-0.027043509852020975,0.022107514541280543,0.04432588614750484
2025-10-22 05:30:00,Ethereum,3805.53,-0.01758703831725761,0.019671762309529595,0.04432588614750484
2025-10-23 05:30:00,Ethereum,3856.8,0.013382552088275546,0.019400045276477703,0.04432588614750484
2025-10-24 05:30:00,Ethereum,3934.88,0.02004256174235941,0.019607850017757795,0.04432588614750484
2025-10-25 05:30:00,Ethereum,3953.82,0.004801814340078536,0.019014293941467787,0.04432588614750484
2025-10-26 05:30:00,Ethereum,4158.46,0.05046261323567869,0.02557637918867173,0.04432588614750484
2025-10-27 05:30:00,Ethereum,4120.15,-0.009255242961714316,0.026152124185694466,0.04432588614750484
2025-10-28 05:30:00,Ethereum,3979.2,-0.03480877639867508,0.027846316774261762,0.04432588614750484
2025-10-29 05:30:00,Ethereum,3902.99,-0.019337868003500347,0.028077989914954263,0.04432588614750484
2025-10-30 05:30:00,Ethereum,3805.09,-0.025403281941541067,0.02961361919509372,0.04432588614750484
2025-10-31 05:30:00,Ethereum,3847.99,0.011211289925523005,0.028695490016570437,0.04432588614750484
2025-11-01 05:30:00,Ethereum,3873.77,0.006677259014800541,0.028791138172563145,0.04432588614750484
2025-11-02 05:30:00,Ethereum,3906.58,0.008434117872054614,0.018258697290415214,0.04432588614750484
2025-11-03 05:30:00,Ethereum,3603.83,-0.08066514211209963,0.03270622790225104,0.04432588614750484
2025-11-04 05:30:00,Ethereum,3287.05,-0.0920066628168481,0.04284912375488118,0.04432588614750484
2025-11-05 05:30:00,Ethereum,3424.29,0.040903644949260354,0.05014316943893911,0.04432588614750484
2025-11-06 05:30:00,Ethereum,3315.14,-0.03239429593105747,0.05036821861601472,0.04432588614750484
2025-11-07 05:30:00,Ethereum,3436.05,0.03582270079696137,0.05363775426570679,0.04432588614750484
2025-11-08 05:30:00,Ethereum,3401.51,-0.010103105142434288,0.05281485312157251,0.04432588614750484
2025-11-09 05:30:00,Ethereum,3583.46,0.05210936343989481,0.05878000270403651,0.04432588614750484
2025-11-10 05:30:00,Ethereum,3567.85,-0.004365640642719271,0.05048617760501599,0.04432588614750484
2025-11-11 05:30:00,Ethereum,3417.76,-0.04297780774806981,0.037576910684175804,0.04432588614750484
2025-11-12 05:30:00,Ethereum,3414.92,-0.0008312990403620546,0.03419523370241637,0.04432588614750484
2025-11-13 05:30:00,Ethereum,3231.54,-0.05519526289010024,0.03855924247024747,0.04432588614750484
2025-11-14 05:30:00,Ethereum,3112.4,-0.037564671036127706,0.035925392361985206,0.04432588614750484
2025-11-15 05:30:00,Ethereum,3167.88,0.017668461686243475,0.03792249854308487,0.04432588614750484
2025-11-16 05:30:00,Ethereum,3095.29,-0.023180993184499954,0.026173045233508874,0.04432588614750484
2025-11-17 05:30:00,Ethereum,3031.44,-0.02084384711068843,0.02515718791815856,0.04432588614750484
2025-11-18 05:30:00,Ethereum,3123.66,0.029967637075662523,0.030231724116411996,0.04432588614750484
2025-11-19 05:30:00,Ethereum,3025.48,-0.03193563464657245,0.030455096367853877,0.04432588614750484
2025-11-20 05:30:00,Ethereum,2834.22,-0.06530298953202784,0.03270770442314119,0.04432588614750484
2025-11-21 05:30:00,Ethereum,2765.85,-0.024418765211608573,0.03181195027533694,0.04432588614750484
2025-11-22 05:30:00,Ethereum,2770.12,0.0015426387233992145,0.029385864661877363,0.04432588614750484
2025-11-23 05:30:00,Ethereum,2802.16,0.011499907793958819,0.031447647122830276,0.04432588614750484
2025-11-24 05:30:00,Ethereum,2953.38,0.05255972882393767,0.03995545629263118,0.04432588614750484
2025-11-25 05:30:00,Ethereum,2959.36,0.00202275156321452,0.037338127615257954,0.04432588614750484
2025-11-26 05:30:00,Ethereum,3026.56,0.022453632291662196,0.03711726501586192,0.04432588614750484
2025-11-27 05:30:00,Ethereum,3015.23,-0.00375054852327672,0.024042373677978374,0.04432588614750484
2025-11-28 05:30:00,Ethereum,3031.15,0.005265972958721221,0.01935936606309756,0.04432588614750484
2025-11-29 05:30:00,Ethereum,2989.16,-0.013949673991056954,0.02164896599009879,0.04432588614750484
2025-11-30 05:30:00,Ethereum,2991.26,0.000702291841147229,0.021978901580911998,0.04432588614750484
2025-12-01 05:30:00,Ethereum,2799.07,-0.06640748416649345,0.028117923317690956,0.04432588614750484
2025-12-02 05:30:00,Ethereum,2996.07,0.06801421071564917,0.040322085216730946,0.04432588614750484
2025-12-03 05:30:00,Ethereum,3188.36,0.06220524814757056,0.04610637692827842,0.04432588614750484
2025-12-04 05:30:00,Ethereum,3133.26,-0.017432681936934813,0.046942281917557095,0.04432588614750484
2025-12-05 05:30:00,Ethereum,3021.78,-0.03622793434865734,0.049523493780054134,0.04432588614750484
2025-12-06 05:30:00,Ethereum,3038.06,0.005373092083985398,0.04918246530218718,0.04432588614750484
2025-12-07 05:30:00,Ethereum,3059.85,0.007146741340973151,0.04920748796768314,0.04432588614750484
2025-12-08 05:30:00,Ethereum,3124.16,0.020799551900223534,0.03851321926468973,0.04432588614750484
2025-12-09 05:30:00,Ethereum,3318.04,0.06020880009550922,0.03682189780298998,0.04432588614750484
2025-12-10 05:30:00,Ethereum,3324.14,0.001836746885791385,0.03030109454080889,0.04432588614750484
2025-12-11 05:30:00,Ethereum,3237.39,-0.02644354442201724,0.03162296198622358,0.04432588614750484
2025-12-12 05:30:00,Ethereum,3084.86,-0.04826117416204845,0.034420112422063526,0.04432588614750484
2025-12-13 05:30:00,Ethereum,3114.64,0.00960730028486978,0.0345068580947186,0.04432588614750484
2025-12-14 05:30:00,Ethereum,3063.5,-0.016555522553701962,0.03525071888583051,0.04432588614750484
2025-12-15 05:30:00,Ethereum,2964.85,-0.03273161223283605,0.03583127221675471,0.04432588614750484
2025-12-16 05:30:00,Ethereum,2962.3,-0.0008604473169500082,0.02094800127012201,0.04432588614750484
2025-12-17 05:30:00,Ethereum,2833.49,-0.04445682621664204,0.021601585397113817,0.04432588614750484
2025-12-18 05:30:00,Ethereum,2977.84,0.04968903806752678,0.03467791521324497,0.04432588614750484
2025-06-23 05:30:00,Solana,144.51,0.09274617329928336,,-0.0036268074398997487
2025-06-24 05:30:00,Solana,145.92,0.009709817015782107,,-0.0036268074398997487
2025-06-25 05:30:00,Solana,143.57,-0.016235805186417984,,-0.0036268074398997487
2025-06-26 05:30:00,Solana,139.06,-0.03191722646873085,,-0.0036268074398997487
2025-06-27 05:30:00,Solana,142.09,0.021555164979112362,,-0.0036268074398997487
2025-06-28 05:30:00,Solana,150.72,0.05896315117806861,,-0.0036268074398997487
2025-06-29 05:30:00,Solana,153.32,0.01710342968430112,0.04265158711816481,-0.0036268074398997487
2025-06-30 05:30:00,Solana,154.81,0.009671318040020083,0.028944617613519,-0.0036268074398997487
2025-07-01 05:30:00,Solana,146.88,-0.052582631680193614,0.03734622050858489,-0.0036268074398997487
2025-07-02 05:30:00,Solana,152.27,0.036039333980460775,0.038547263865085224,-0.0036268074398997487
2025-07-03 05:30:00,Solana,152.36,0.0005908807577617026,0.034640011846472904,-0.0036268074398997487
2025-07-04 05:30:00,Solana,147.7,-0.03106295207306875,0.03802966577378812,-0.0036268074398997487
2025-07-05 05:30:00,Solana,147.55,-0.0010160881483853856,0.029865161821017734,-0.0036268074398997487
2025-07-06 05:30:00,Solana,151.86,0.028791942396138914,0.03146290680438453,-0.0036268074398997487
2025-07-07 05:30:00,Solana,148.88,-0.019818431451092522,0.031711905247565925,-0.0036268074398997487
2025-07-08 05:30:00,Solana,151.67,0.018566495729309906,0.024780578879534262,-0.0036268074398997487
2025-07-09 05:30:00,Solana,157.05,0.0348571179213506,0.024533268510673688,-0.0036268074398997487
2025-07-10 05:30:00,Solana,164.34,0.045373226518385934,0.02883197071106847,-0.0036268074398997487
2025-07-11 05:30:00,Solana,162.93,-0.008616791788178091,0.024288676831591825,-0.0036268074398997487
2025-07-12 05:30:00,Solana,160.69,-0.01384361766120179,0.026033377312181312,-0.0036268074398997487
2025-07-13 05:30:00,Solana,161.15,0.0028585652077852686,0.025105264442346495,-0.0036268074398997487
2025-07-14 05:30:00,Solana,162.21,0.006556183800576321,0.02192808893613821,-0.0036268074398997487
2025-07-15 05:30:00,Solana,163.98,0.010852677106008457,0.021750873818185582,-0.0036268074398997487
2025-07-16 05:30:00,Solana,173.63,0.05718212918801502,0.02684651526509341,-0.0036268074398997487
2025-07-17 05:30:00,Solana,175.87,0.012818487392226352,0.02313763386725639,-0.0036268074398997487
2025-07-18 05:30:00,Solana,177.28,0.007985317810645931,0.021758516711849207,-0.0036268074398997487
2025-07-19 05:30:00,Solana,176.96,-0.0018066852249489784,0.01975357720722431,-0.0036268074398997487
2025-07-20 05:30:00,Solana,181.43,0.024946186048101282,0.019480837692914837,-0.0036268074398997487
2025-07-21 05:30:00,Solana,195.72,0.07581516203885119,0.028726078979350207,-0.0036268074398997487
2025-07-22 05:30:00,Solana,205.7,0.04973373023798899,0.02888094864731396,-0.0036268074398997487
2025-07-23 05:30:00,Solana,189.4,-0.08255761590693389,0.049684232343037364,-0.0036268074398997487
2025-07-24 05:30:00,Solana,182.87,-0.03508566286543591,0.05282023454468718,-0.0036268074398997487
2025-07-25 05:30:00,Solana,186.76,0.021048852216194014,0.05314930830646741,-0.0036268074398997487
2025-07-26 05:30:00,Solana,184.88,-0.010117404136610553,0.05348211756032477,-0.0036268074398997487
2025-07-27 05:30:00,Solana,188.64,0.020133470822935706,0.05323213567262413,-0.0036268074398997487
2025-07-28 05:30:00,Solana,183.11,-0.02975337163543834,0.044201489468402765,-0.0036268074398997487
2025-07-29 05:30:00,Solana,181.48,-0.008941610357859453,0.03587207863982281,-0.0036268074398997487
2025-07-30 05:30:00,Solana,177.77,-0.020654874861168793,0.022360401650180016,-0.0036268074398997487
2025-07-31 05:30:00,Solana,172.22,-0.031717850666574954,0.02173438366230293,-0.0036268074398997487
2025-08-01 05:30:00,Solana,162.71,-0.05680325411679199,0.023865374032535764,-0.0036268074398997487
2025-08-02 05:30:00,Solana,158.48,-0.026341072760931894,0.023566297215349415,-0.0036268074398997487
2025-08-03 05:30:00,Solana,161.97,0.021782730508009607,0.024060925289271694,-0.0036268074398997487
2025-08-04 05:30:00,Solana,169.55,0.045736735673342466,0.0345295370665139,-0.0036268074398997487
2025-08-05 05:30:00,Solana,164.09,-0.032732810784589006,0.035452702796015645,-0.0036268074398997487
2025-08-06 05:30:00,Solana,168.09,0.024084492458244178,0.038071125047086825,-0.0036268074398997487
2025-08-07 05:30:00,Solana,175.36,0.04234145351434826,0.04058829673126668,-0.0036268074398997487
2025-08-08 05:30:00,Solana,176.78,0.00806501787315117,0.03105611226204731,-0.0036268074398997487
2025-08-09 05:30:00,Solana,179.95,0.01777301289223754,0.02609463149446007,-0.0036268074398997487
2025-08-10 05:30:00,Solana,182.66,0.014947466738493453,0.02606391207350977,-0.0036268074398997487
2025-08-11 05:30:00,Solana,174.84,-0.043755231268419514,0.03116708498730024,-0.0036268074398997487
2025-08-12 05:30:00,Solana,191.78,0.09247761173042157,0.04076399384929552,-0.0036268074398997487
2025-08-13 05:30:00,Solana,201.51,0.04949012622134763,0.042062131315730986,-0.0036268074398997487
2025-08-14 05:30:00,Solana,192.47,-0.04589871051985028,0.048970625900196636,-0.0036268074398997487
2025-08-15 05:30:00,Solana,185.72,-0.035700134275312045,0.052422491293659196,-0.0036268074398997487
2025-08-16 05:30:00,Solana,189.6,0.02067642666920122,0.05253286424617844,-0.0036268074398997487
2025-08-17 05:30:00,Solana,190.99,0.007304480834141813,0.05243069439080679,-0.0036268074398997487
2025-08-18 05:30:00,Solana,182.94,-0.043062840426845383,0.05232090690852399,-0.0036268074398997487
2025-08-19 05:30:00,Solana,176.22,-0.03742501578963431,0.037734916934376195,-0.0036268074398997487
2025-08-20 05:30:00,Solana,187.94,0.06438954851633483,0.04196978846561153,-0.0036268074398997487
2025-08-21 05:30:00,Solana,180.29,-0.04155609740081001,0.04137793820375857,-0.0036268074398997487
2025-08-22 05:30:00,Solana,200.69,0.1071947633964827,0.058081901824147505,-0.0036268074398997487
2025-08-23 05:30:00,Solana,204.14,0.017044604024761156,0.057997994958504474,-0.0036268074398997487
2025-08-24 05:30:00,Solana,205.98,0.008973043722303231,0.05798583358457631,-0.0036268074398997487
2025-08-25 05:30:00,Solana,187.2,-0.09560151265416383,0.06855564288082085,-0.0036268074398997487
2025-08-26 05:30:00,Solana,195.86,0.045222554249156666,0.06748374188235312,-0.0036268074398997487
2025-08-27 05:30:00,Solana,202.95,0.035559524992257785,0.064800275018279,-0.0036268074398997487
2025-08-28 05:30:00,Solana,214.43,0.055023701496232924,0.06197092789855146,-0.0036268074398997487
2025-08-29 05:30:00,Solana,205.08,-0.04458319786563969,0.05441908544290486,-0.0036268074398997487
2025-08-30 05:30:00,Solana,202.7,-0.011673093457545747,0.054274142838153135,-0.0036268074398997487
2025-08-31 05:30:00,Solana,200.62,-0.010314482002614866,0.05417227786115427,-0.0036268074398997487
2025-09-01 05:30:00,Solana,197.32,-0.01658579508980118,0.03752016207305653,-0.0036268074398997487
2025-09-02 05:30:00,Solana,209.65,0.06061269725123353,0.04043523654163829,-0.0036268074398997487
2025-09-03 05:30:00,Solana,210.77,0.005328017932184181,0.03879666991720934,-0.0036268074398997487
2025-09-04 05:30:00,Solana,202.32,-0.040916889187245786,0.03511672148502386,-0.0036268074398997487
2025-09-05 05:30:00,Solana,203.36,0.005127205079434205,0.03138569594157881,-0.0036268074398997487
2025-09-06 05:30:00,Solana,200.16,-0.01586076072254272,0.03165725752945535,-0.0036268074398997487
2025-09-07 05:30:00,Solana,206.35,0.030456709479989463,0.03352545597055399,-0.0036268074398997487
2025-09-08 05:30:00,Solana,214.11,0.03691614545249511,0.034137097188191044,-0.0036268074398997487
2025-09-09 05:30:00,Solana,217.21,0.014374725864516158,0.026765026584203655,-0.0036268074398997487
2025-09-10 05:30:00,Solana,224.07,0.031093875521483127,0.028521959000318425,-0.0036268074398997487
2025-09-11 05:30:00,Solana,228.73,0.02058376560218278,0.01832554950210483,-0.0036268074398997487
2025-09-12 05:30:00,Solana,242.18,0.05713898268695239,0.02252335272447272,-0.0036268074398997487
2025-09-13 05:30:00,Solana,242.38,0.0008254912141207882,0.01788971580588126,-0.0036268074398997487
2025-09-14 05:30:00,Solana,239.76,-0.010868319531933679,0.022827477745624495,-0.0036268074398997487
2025-09-15 05:30:00,Solana,234.31,-0.022993398081066374,0.02692080846050842,-0.0036268074398997487
2025-09-16 05:30:00,Solana,236.96,0.011246325592147777,0.026917812472459047,-0.0036268074398997487
2025-09-17 05:30:00,Solana,244.84,0.03271358546338021,0.02711123027014664,-0.0036268074398997487
2025-09-18 05:30:00,Solana,247.5,0.010805646025875859,0.02688611925542898,-0.0036268074398997487
2025-09-19 05:30:00,Solana,238.53,-0.03691549342724354,0.023419104260907278,-0.0036268074398997487
2025-09-20 05:30:00,Solana,239.48,0.003974817475650205,0.023516278525039264,-0.0036268074398997487
2025-09-21 05:30:00,Solana,236.16,-0.01396036464504391,0.02374469724922669,-0.0036268074398997487
2025-09-22 05:30:00,Solana,220.38,-0.06915621235247649,0.03447892929043154,-0.0036268074398997487
2025-09-23 05:30:00,Solana,213.3,-0.03265370358232644,0.034225902306039155,-0.0036268074398997487
2025-09-24 05:30:00,Solana,211.6,-0.008001925493160478,0.027573565147872584,-0.0036268074398997487
2025-09-25 05:30:00,Solana,192.74,-0.09335556956100266,0.03480450726866524,-0.0036268074398997487
2025-09-26 05:30:00,Solana,205.17,0.06249677335497239,0.05083012139740857,-0.0036268074398997487
2025-09-27 05:30:00,Solana,203.46,-0.008369478412511455,0.05000555312303967,-0.0036268074398997487
2025-09-28 05:30:00,Solana,210.83,0.0355826961662995,0.05481973714557448,-0.0036268074398997487
2025-09-29 05:30:00,Solana,212.75,0.009065645921581655,0.04998733680529935,-0.0036268074398997487
2025-09-30 05:30:00,Solana,208.68,-0.019315789299291453,0.04900357291903966,-0.0036268074398997487
2025-10-01 05:30:00,Solana,222.04,0.062055567667767875,0.054668891116231064,-0.0036268074398997487
2025-10-02 05:30:00,Solana,234.74,0.05562097285001766,0.03437555488566121,-0.0036268074398997487
2025-10-03 05:30:00,Solana,232.84,-0.00812699626844271,0.032953513836617,-0.0036268074398997487
2025-10-04 05:30:00,Solana,227.86,-0.021620117133565486,0.03504013575172446,-0.0036268074398997487
2025-10-05 05:30:00,Solana,228.56,0.0030673526525477612,0.03418412548288768,-0.0036268074398997487
2025-10-06 05:30:00,Solana,232.35,0.016446097608469934,0.034209069822348434,-0.0036268074398997487
2025-10-07 05:30:00,Solana,219.97,-0.05475368211335496,0.041551813185225266,-0.0036268074398997487
2025-10-08 05:30:00,Solana,229.02,0.040318162567561266,0.0374025708245983,-0.0036268074398997487
2025-10-09 05:30:00,Solana,220.93,-0.035963426722256386,0.03215861909810507,-0.0036268074398997487
2025-10-10 05:30:00,Solana,188.43,-0.1591193241285378,0.06530095215624014,-0.0036268074398997487
2025-10-11 05:30:00,Solana,177.62,-0.059080148304041735,0.06600866403961828,-0.0036268074398997487
2025-10-12 05:30:00,Solana,197.0,0.10355729190763086,0.08422840316341094,-0.0036268074398997487
2025-10-13 05:30:00,Solana,208.69,0.05764616852875104,0.08862452306964105,-0.0036268074398997487
2025-10-14 05:30:00,Solana,202.44,-0.0304063509208623,0.08728765905099187,-0.0036268074398997487
2025-10-15 05:30:00,Solana,193.84,-0.04341046983760677,0.0846419177360201,-0.0036268074398997487
2025-10-16 05:30:00,Solana,184.85,-0.04748839112562919,0.08502858439482182,-0.0036268074398997487
2025-10-17 05:30:00,Solana,181.96,-0.01575780268083804,0.06147591742308916,-0.0036268074398997487
2025-10-18 05:30:00,Solana,187.56,0.03031191151958268,0.05752520642985296,-0.0036268074398997487
2025-10-19 05:30:00,Solana,187.86,0.0015982103449836416,0.039231163241210135,-0.0036268074398997487
2025-10-20 05:30:00,Solana,189.71,0.00979958579808482,0.028956794072234324,-0.0036268074398997487
2025-10-21 05:30:00,Solana,185.63,-0.021741145143322704,0.02829738904954081,-0.0036268074398997487
2025-10-22 05:30:00,Solana,180.12,-0.03013214978776091,0.02624125585391505,-0.0036268074398997487
2025-10-23 05:30:00,Solana,191.35,0.060480916438340415,0.03197303186026204,-0.0036268074398997487
2025-10-24 05:30:00,Solana,193.59,0.011638308744147174,0.030667725078907977,-0.0036268074398997487
2025-10-25 05:30:00,Solana,193.84,0.0012905558924121152,0.029209914406641085,-0.0036268074398997487
2025-10-26 05:30:00,Solana,200.03,0.03143427879089078,0.030813830170739534,-0.0036268074398997487
2025-10-27 05:30:00,Solana,198.7,-0.006671205741390018,0.03136363109538135,-0.0036268074398997487
2025-10-28 05:30:00,Solana,194.15,-0.023165093380095314,0.03158204989252754,-0.0036268074398997487
2025-10-29 05:30:00,Solana,193.88,-0.001391645200500946,0.027664790385494496,-0.0036268074398997487
2025-10-30 05:30:00,Solana,184.69,-0.04856066708935458,0.02545306369788132,-0.0036268074398997487
2025-10-31 05:30:00,Solana,187.21,0.013552237532356237,0.025671684360553896,-0.0036268074398997487
2025-11-01 05:30:00,Solana,186.35,-0.004604355494909562,0.025535401508740944,-0.0036268074398997487
2025-11-02 05:30:00,Solana,187.71,0.007271592753114398,0.020903150327741562,-0.0036268074398997487
2025-11-03 05:30:00,Solana,166.06,-0.12254904984449677,0.047561418886836224,-0.0036268074398997487
2025-11-04 05:30:00,Solana,155.03,-0.06873052225561427,0.05021126703832735,-0.0036268074398997487
2025-11-05 05:30:00,Solana,162.37,0.04625903502075257,0.057740867989065504,-0.0036268074398997487
2025-11-06 05:30:00,Solana,155.28,-0.04464774273826855,0.05749699826624431,-0.0036268074398997487
2025-11-07 05:30:00,Solana,161.79,0.04106925915649118,0.061364940917755004,-0.0036268074398997487
2025-11-08 05:30:00,Solana,158.02,-0.023577590722658748,0.060945504541854066,-0.0036268074398997487
2025-11-09 05:30:00,Solana,164.53,0.040371317103971904,0.06489234488868008,-0.0036268074398997487
2025-11-10 05:30:00,Solana,167.31,0.01675545467101358,0.04655166530868447,-0.0036268074398997487
2025-11-11 05:30:00,Solana,154.63,-0.07881321258223295,0.04915462607384325,-0.0036268074398997487
2025-11-12 05:30:00,Solana,153.42,-0.007855907956189512,0.04464786217876928,-0.0036268074398997487
2025-11-13 05:30:00,Solana,144.73,-0.05830932088163632,0.04676033124398099,-0.0036268074398997487
2025-11-14 05:30:00,Solana,138.92,-0.04097170977364062,0.041833756313693814,-0.0036268074398997487
2025-11-15 05:30:00,Solana,139.61,0.004954593124684159,0.04300214528714569,-0.0036268074398997487
2025-11-16 05:30:00,Solana,137.17,-0.01763178851024172,0.03474365209977223,-0.0036268074398997487
2025-11-17 05:30:00,Solana,130.99,-0.04610004808075807,0.029599014117902816,-0.0036268074398997487
2025-11-18 05:30:00,Solana,140.69,0.07143790397956451,0.0436449312088858,-0.0036268074398997487
2025-11-19 05:30:00,Solana,137.06,-0.026140102231444473,0.043797948263255684,-0.0036268074398997487
2025-11-20 05:30:00,Solana,133.67,-0.02504471017429566,0.040104947971980276,-0.0036268074398997487
2025-11-21 05:30:00,Solana,128.68,-0.03804537361255633,0.039758549162669715,-0.0036268074398997487
2025-11-22 05:30:00,Solana,127.59,-0.008506704437173163,0.03918309555616622,-0.0036268074398997487
2025-11-23 05:30:00,Solana,130.58,0.023164067824835044,0.04133042079998449,-0.0036268074398997487
2025-11-24 05:30:00,Solana,138.44,0.05845095300865655,0.043683894090221116,-0.0036268074398997487
2025-11-25 05:30:00,Solana,138.96,0.003749103165705314,0.03360464082723053,-0.0036268074398997487
2025-11-26 05:30:00,Solana,143.02,0.02879835868740077,0.03337840398512839,-0.0036268074398997487
2025-11-27 05:30:00,Solana,140.85,-0.015288986297868234,0.032038989081443606,-0.0036268074398997487
2025-11-28 05:30:00,Solana,137.33,-0.02530870578019062,0.029264558315365848,-0.0036268074398997487
2025-11-29 05:30:00,Solana,135.91,-0.010393886574934896,0.029463891196578877,-0.0036268074398997487
2025-11-30 05:30:00,Solana,133.48,-0.01804124808408325,0.03027317741006991,-0.0036268074398997487
2025-12-01 05:30:00,Solana,126.66,-0.05244532279488823,0.025072916064841803,-0.0036268074398997487
2025-12-02 05:30:00,Solana,138.68,0.0906627897285377,0.04673831548022091,-0.0036268074398997487
2025-12-03 05:30:00,Solana,144.67,0.04228616582467648,0.0483862571563395,-0.0036268074398997487
2025-12-04 05:30:00,Solana,139.01,-0.03990941365249778,0.050663074570950185,-0.0036268074398997487
2025-12-05 05:30:00,Solana,133.29,-0.04201866737307469,0.05231770205623668,-0.0036268074398997487
2025-12-06 05:30:00,Solana,132.19,-0.008286924024617726,0.05228261802820541,-0.0036268074398997487
2025-12-07 05:30:00,Solana,132.24,0.00037817192146061274,0.051918325095578685,-0.0036268074398997487
2025-12-08 05:30:00,Solana,133.25,0.007608609533185096,0.04677140293396619,-0.0036268074398997487
2025-12-09 05:30:00,Solana,137.88,0.03415667860271032,0.0327491826005361,-0.0036268074398997487
2025-12-10 05:30:00,Solana,136.26,-0.01181891630314258,0.026705157499473952,-0.0036268074398997487
2025-12-11 05:30:00,Solana,136.41,0.0011002311595067482,0.02290896837993619,-0.0036268074398997487
2025-12-12 05:30:00,Solana,132.27,-0.03081976846707324,0.01989853809603535,-0.0036268074398997487
2025-12-13 05:30:00,Solana,133.14,0.006555918134601768,0.019795296493704817,-0.0036268074398997487
2025-12-14 05:30:00,Solana,129.4,-0.02849282410575693,0.02274061594885526,-0.0036268074398997487
2025-12-15 05:30:00,Solana,127.81,-0.01236359592317715,0.02242361835584898,-0.0036268074398997487
2025-12-16 05:30:00,Solana,129.15,0.010429733398225949,0.016309604325991378,-0.0036268074398997487
2025-12-17 05:30:00,Solana,123.27,-0.0465974479784208,0.021621397071023656,-0.0036268074398997487
2025-12-18 05:30:00,Solana,128.24,0.039526436737869375,0.029594626319742925,-0.0036268074398997487
2025-06-23 05:30:00,Cardano,0.5823,0.0719042962710057,,-0.04737697427524383
2025-06-24 05:30:00,Cardano,0.5875,0.00889046717523978,,-0.04737697427524383
2025-06-25 05:30:00,Cardano,0.5671,-0.035340590998331645,,-0.04737697427524383
2025-06-26 05:30:00,Cardano,0.5543,-0.0228295985942234,,-0.04737697427524383
2025-06-27 05:30:00,Cardano,0.5587,0.00790660003934407,,-0.04737697427524383
2025-06-28 05:30:00,Cardano,0.5654,0.01192078879438696,,-0.04737697427524383
2025-06-29 05:30:00,Cardano,0.5773,0.020828616807397893,0.03436520843179662,-0.04737697427524383
2025-06-30 05:30:00,Cardano,0.5722,-0.008873481450877962,0.02050464109761915,-0.04737697427524383
2025-07-01 05:30:00,Cardano,0.542,-0.05422257917636375,0.02738350524152786,-0.04737697427524383
2025-07-02 05:30:00,Cardano,0.584,0.07463498138858082,0.04005342196552149,-0.04737697427524383
2025-07-03 05:30:00,Cardano,0.5992,0.025694449374782602,0.03877538627219599,-0.04737697427524383
2025-07-04 05:30:00,Cardano,0.5724,-0.04575738452071376,0.04441330159523212,-0.04737697427524383
2025-07-05 05:30:00,Cardano,0.5755,0.005401180479641443,0.04427446450640929,-0.04737697427524383
2025-07-06 05:30:00,Cardano,0.5858,0.01773920623169578,0.04407660491456445,-0.04737697427524383
2025-07-07 05:30:00,Cardano,0.5805,-0.009088633255686873,0.04408559679776303,-0.04737697427524383
2025-07-08 05:30:00,Cardano,0.5884,0.013517187589336288,0.03644542910953402,-0.04737697427524383
2025-07-09 05:30:00,Cardano,0.6227,0.056657873151123805,0.03158344508518201,-0.04737697427524383
2025-07-10 05:30:00,Cardano,0.6775,0.0843446908754496,0.04256816336752686,-0.04737697427524383
2025-07-11 05:30:00,Cardano,0.7094,0.046009989585665545,0.03284392929561761,-0.04737697427524383
2025-07-12 05:30:00,Cardano,0.7089,-0.000705069478549647,0.03369645871246296,-0.04737697427524383
2025-07-13 05:30:00,Cardano,0.7367,0.03846628082779613,0.03337093388569693,-0.04737697427524383
2025-07-14 05:30:00,Cardano,0.7352,-0.0020381826472907205,0.031975137668439964,-0.04737697427524383
2025-07-15 05:30:00,Cardano,0.7466,0.01538699543900629,0.03178518752947491,-0.04737697427524383
2025-07-16 05:30:00,Cardano,0.7644,0.02356164588563442,0.03028213985380261,-0.04737697427524383
2025-07-17 05:30:00,Cardano,0.8216,0.07216244624823051,0.026732819747774143,-0.04737697427524383
2025-07-18 05:30:00,Cardano,0.8158,-0.007084431730890406,0.028118286891508082,-0.04737697427524383
2025-07-19 05:30:00,Cardano,0.8298,0.017015481015309447,0.026709684408162623,-0.04737697427524383
2025-07-20 05:30:00,Cardano,0.858,0.03341939158919477,0.026271254217270223,-0.04737697427524383
2025-07-21 05:30:00,Cardano,0.8891,0.03560561563913103,0.02436825918600121,-0.04737697427524383
2025-07-22 05:30:00,Cardano,0.9034,0.01595570809341046,0.024323401759501585,-0.04737697427524383
2025-07-23 05:30:00,Cardano,0.816,-0.10175106825639682,0.05466569149753252,-0.04737697427524383
2025-07-24 05:30:00,Cardano,0.806,-0.012330612457478601,0.04731409572778028,-0.04737697427524383
2025-07-25 05:30:00,Cardano,0.8158,0.012085484376829714,0.04757469502739,-0.04737697427524383
2025-07-26 05:30:00,Cardano,0.8198,0.004891181186779087,0.047069995563868636,-0.04737697427524383
2025-07-27 05:30:00,Cardano,0.832,0.014772032750971414,0.045241192894867464,-0.04737697427524383
2025-07-28 05:30:00,Cardano,0.7932,-0.047757044175567614,0.04390878873854574,-0.04737697427524383
2025-07-29 05:30:00,Cardano,0.7828,-0.013198161123719715,0.04166408135932823,-0.04737697427524383
2025-07-30 05:30:00,Cardano,0.7634,-0.025095095210791923,0.022325865024745012,-0.04737697427524383
2025-07-31 05:30:00,Cardano,0.7392,-0.03221361998365496,0.023949023235528603,-0.04737697427524383
2025-08-01 05:30:00,Cardano,0.7141,-0.03454551177241011,0.0224550568892777,-0.04737697427524383
2025-08-02 05:30:00,Cardano,0.6975,-0.02352049485954355,0.019826410207119588,-0.04737697427524383
2025-08-03 05:30:00,Cardano,0.727,0.04142396383799868,0.02882421760175767,-0.04737697427524383
2025-08-04 05:30:00,Cardano,0.7549,0.03765881261205983,0.03258965525204489,-0.04737697427524383
2025-08-05 05:30:00,Cardano,0.7258,-0.03931079536660925,0.034825798762752096,-0.04737697427524383
2025-08-06 05:30:00,Cardano,0.7413,0.02113090688370406,0.036025508319445156,-0.04737697427524383
2025-08-07 05:30:00,Cardano,0.7874,0.06033097684696312,0.04070706769586631,-0.04737697427524383
2025-08-08 05:30:00,Cardano,0.7911,0.004688003517713618,0.03615475240726515,-0.04737697427524383
2025-08-09 05:30:00,Cardano,0.8029,0.014805791163287507,0.03208794784326038,-0.04737697427524383
2025-08-10 05:30:00,Cardano,0.8014,-0.0018699749885940642,0.03145992805434822,-0.04737697427524383
2025-08-11 05:30:00,Cardano,0.7728,-0.0363399153037359,0.03444439654832224,-0.04737697427524383
2025-08-12 05:30:00,Cardano,0.8411,0.08469027607008328,0.04024656936318351,-0.04737697427524383
2025-08-13 05:30:00,Cardano,0.9042,0.07234001589211322,0.044671940008963906,-0.04737697427524383
2025-08-14 05:30:00,Cardano,0.9258,0.02360765373666532,0.04239219788599494,-0.04737697427524383
2025-08-15 05:30:00,Cardano,0.9453,0.02084410883416854,0.04165406238551552,-0.04737697427524383
2025-08-16 05:30:00,Cardano,0.9211,-0.025933729437148723,0.04600618461931255,-0.04737697427524383
2025-08-17 05:30:00,Cardano,0.9609,0.04230173728903221,0.04559484942581841,-0.04737697427524383
2025-08-18 05:30:00,Cardano,0.9236,-0.03959126780288186,0.04634530882309493,-0.04737697427524383
2025-08-19 05:30:00,Cardano,0.8464,-0.08728701637630527,0.054570636715014983,-0.04737697427524383
2025-08-20 05:30:00,Cardano,0.8808,0.03983852430443524,0.04852693525515897,-0.04737697427524383
2025-08-21 05:30:00,Cardano,0.8519,-0.03336143635967545,0.04794862787619783,-0.04737697427524383
2025-08-22 05:30:00,Cardano,0.9314,0.08921968149948205,0.06093354777468333,-0.04737697427524383
2025-08-23 05:30:00,Cardano,0.9143,-0.018530085377895952,0.06051403976714449,-0.04737697427524383
2025-08-24 05:30:00,Cardano,0.909,-0.005813650992902014,0.0574216322796208,-0.04737697427524383
2025-08-25 05:30:00,Cardano,0.8371,-0.08240155651146822,0.06333118790443427,-0.04737697427524383
2025-08-26 05:30:00,Cardano,0.8663,0.03428773123008391,0.05616333488462378,-0.04737697427524383
2025-08-27 05:30:00,Cardano,0.8509,-0.01793665604058292,0.05410991556918598,-0.04737697427524383
2025-08-28 05:30:00,Cardano,0.8576,0.007843177461025919,0.05272549239823777,-0.04737697427524383
2025-08-29 05:30:00,Cardano,0.8266,-0.03681688823890558,0.03661971473999211,-0.04737697427524383
2025-08-30 05:30:00,Cardano,0.8224,-0.0050940073767312966,0.03688056226123141,-0.04737697427524383
2025-08-31 05:30:00,Cardano,0.8113,-0.013588995299881335,0.03666958426962483,-0.04737697427524383
2025-09-01 05:30:00,Cardano,0.8014,-0.012277701198975172,0.02237693855658078,-0.04737697427524383
2025-09-02 05:30:00,Cardano,0.8349,0.040951758997910565,0.024434951641556985,-0.04737697427524383
2025-09-03 05:30:00,Cardano,0.8366,0.0020341018081433127,0.023869430476174822,-0.04737697427524383
2025-09-04 05:30:00,Cardano,0.8093,-0.03317638250644184,0.025880005886027995,-0.04737697427524383
2025-09-05 05:30:00,Cardano,0.8307,0.026099042343369627,0.025235130551409832,-0.04737697427524383
2025-09-06 05:30:00,Cardano,0.8184,-0.014917504207609095,0.02587648590849765,-0.04737697427524383
2025-09-07 05:30:00,Cardano,0.8351,0.02020026352176693,0.02621994522348613,-0.04737697427524383
2025-09-08 05:30:00,Cardano,0.8651,0.03529362902714492,0.02739687765162514,-0.04737697427524383
2025-09-09 05:30:00,Cardano,0.8652,0.00011558689257507027,0.02408546807519806,-0.04737697427524383
2025-09-10 05:30:00,Cardano,0.8854,0.02307882621913694,0.02493837971371068,-0.04737697427524383
2025-09-11 05:30:00,Cardano,0.8939,0.009554391795766337,0.017171422223776534,-0.04737697427524383
2025-09-12 05:30:00,Cardano,0.9169,0.0254045029620482,0.017093059128542386,-0.04737697427524383
2025-09-13 05:30:00,Cardano,0.9294,0.0135408015950228,0.011513725603741,-0.04737697427524383
2025-09-14 05:30:00,Cardano,0.8879,-0.04568009261259681,0.026608389637325043,-0.04737697427524383
2025-09-15 05:30:00,Cardano,0.8632,-0.028212710094356275,0.026878155088265396,-0.04737697427524383
2025-09-16 05:30:00,Cardano,0.8803,0.019616344522935536,0.027920493149779933,-0.04737697427524383
2025-09-17 05:30:00,Cardano,0.9138,0.037348970662310674,0.030110912503492727,-0.04737697427524383
2025-09-18 05:30:00,Cardano,0.9244,0.011533149271054588,0.030175377502802078,-0.04737697427524383
2025-09-19 05:30:00,Cardano,0.8904,-0.037474078438890626,0.03230112261574399,-0.04737697427524383
2025-09-20 05:30:00,Cardano,0.8931,0.0030277567285053597,0.031575591377702064,-0.04737697427524383
2025-09-21 05:30:00,Cardano,0.884,-0.010241494052196945,0.02653397471374431,-0.04737697427524383
2025-09-22 05:30:00,Cardano,0.8256,-0.06834666791034517,0.03609948797769294,-0.04737697427524383
2025-09-23 05:30:00,Cardano,0.806,-0.024026652220669936,0.03460269010253586,-0.04737697427524383
2025-09-24 05:30:00,Cardano,0.8127,0.008278295252530765,0.028880574904653605,-0.04737697427524383
2025-09-25 05:30:00,Cardano,0.7637,-0.0621869958648206,0.030256504068954696,-0.04737697427524383
2025-09-26 05:30:00,Cardano,0.7919,0.03626007932202835,0.037968607108968114,-0.04737697427524383
2025-09-27 05:30:00,Cardano,0.7809,-0.013988020547737429,0.03702446683537355,-0.04737697427524383
2025-09-28 05:30:00,Cardano,0.8086,0.03485725653804106,0.04237595273696511,-0.04737697427524383
2025-09-29 05:30:00,Cardano,0.8061,-0.0030965529171151918,0.03456030615702575,-0.04737697427524383
2025-09-30 05:30:00,Cardano,0.8072,0.0013636647498439514,0.03334759127509939,-0.04737697427524383
2025-10-01 05:30:00,Cardano,0.8508,0.052605614286682895,0.0388836897337434,-0.04737697427524383
2025-10-02 05:30:00,Cardano,0.8706,0.023005545792115084,0.0244325090882621,-0.04737697427524383
2025-10-03 05:30:00,Cardano,0.8655,-0.005875254501933214,0.02457959972048866,-0.04737697427524383
2025-10-04 05:30:00,Cardano,0.8395,-0.03050089809866846,0.02810671033020337,-0.04737697427524383
2025-10-05 05:30:00,Cardano,0.8371,-0.0028629388515848953,0.026171432991832597,-0.04737697427524383
2025-10-06 05:30:00,Cardano,0.8715,0.04027232729406502,0.028936778886143308,-0.04737697427524383
2025-10-07 05:30:00,Cardano,0.8198,-0.06115545688983853,0.039994173330115686,-0.04737697427524383
2025-10-08 05:30:00,Cardano,0.8387,0.022792665920128685,0.035010283713984486,-0.04737697427524383
2025-10-09 05:30:00,Cardano,0.8152,-0.028419592081850714,0.034264861907194966,-0.04737697427524383
2025-10-10 05:30:00,Cardano,0.6353,-0.2493361536360276,0.09672758530120852,-0.04737697427524383
2025-10-11 05:30:00,Cardano,0.6316,-0.005841045891000429,0.09775214196258228,-0.04737697427524383
2025-10-12 05:30:00,Cardano,0.7,0.10282405266191752,0.11172448108400743,-0.04737697427524383
2025-10-13 05:30:00,Cardano,0.7284,0.03977001281004833,0.11167530718078127,-0.04737697427524383
2025-10-14 05:30:00,Cardano,0.6989,-0.04134267737036962,0.1108728593966668,-0.04737697427524383
2025-10-15 05:30:00,Cardano,0.6684,-0.04462087376184465,0.10916798133808063,-0.04737697427524383
2025-10-16 05:30:00,Cardano,0.6453,-0.03517147177944463,0.10915653361428602,-0.04737697427524383
2025-10-17 05:30:00,Cardano,0.6245,-0.03276399537616159,0.055011075874840165,-0.04737697427524383
2025-10-18 05:30:00,Cardano,0.6343,0.015570699074218985,0.055385073273302186,-0.04737697427524383
2025-10-19 05:30:00,Cardano,0.6528,0.028748775010045913,0.03643521192982795,-0.04737697427524383
2025-10-20 05:30:00,Cardano,0.6625,0.014749754210479915,0.03165589803893447,-0.04737697427524383
2025-10-21 05:30:00,Cardano,0.6428,-0.030186923997019666,0.030273989114895726,-0.04737697427524383
2025-10-22 05:30:00,Cardano,0.6238,-0.03000382968965465,0.028069019373580646,-0.04737697427524383
2025-10-23 05:30:00,Cardano,0.6428,0.03000382968965465,0.029067538725495435,-0.04737697427524383
2025-10-24 05:30:00,Cardano,0.656,0.020327155080731518,0.026030298022286704,-0.04737697427524383
2025-10-25 05:30:00,Cardano,0.6542,-0.0027476738398055645,0.025949237257291254,-0.04737697427524383
2025-10-26 05:30:00,Cardano,0.6812,0.040442833684249724,0.028067063461673668,-0.04737697427524383
2025-10-27 05:30:00,Cardano,0.667,-0.021065902872909492,0.029454205729769038,-0.04737697427524383
2025-10-28 05:30:00,Cardano,0.6459,-0.03214535287719672,0.029806639909723695,-0.04737697427524383
2025-10-29 05:30:00,Cardano,0.6401,-0.009020278890469358,0.02714162008135582,-0.04737697427524383
2025-10-30 05:30:00,Cardano,0.6016,-0.062031641512327595,0.03375380408301,-0.04737697427524383
2025-10-31 05:30:00,Cardano,0.6091,0.012389685206808776,0.03270321614270649,-0.04737697427524383
2025-11-01 05:30:00,Cardano,0.6128,0.006056160583942705,0.033220585310191966,-0.04737697427524383
2025-11-02 05:30:00,Cardano,0.6106,-0.003596538125604065,0.025492819876036413,-0.04737697427524383
2025-11-03 05:30:00,Cardano,0.5528,-0.09944580784731744,0.04085977491253473,-0.04737697427524383
2025-11-04 05:30:00,Cardano,0.5208,-0.05963018155910049,0.042733548587838205,-0.04737697427524383
2025-11-05 05:30:00,Cardano,0.5453,0.0459700110376563,0.05154152931167777,-0.04737697427524383
2025-11-06 05:30:00,Cardano,0.5318,-0.025068623123096323,0.04867800480872405,-0.04737697427524383
2025-11-07 05:30:00,Cardano,0.5763,0.0803608796337012,0.060905203644205715,-0.04737697427524383
2025-11-08 05:30:00,Cardano,0.5688,-0.013099479953589732,0.06060281522076591,-0.04737697427524383
2025-11-09 05:30:00,Cardano,0.579,0.017773599083964142,0.061547909148944306,-0.04737697427524383
2025-11-10 05:30:00,Cardano,0.5928,0.02355459640888191,0.04672687435370552,-0.04737697427524383
2025-11-11 05:30:00,Cardano,0.5564,-0.06336961393258922,0.0476672431949923,-0.04737697427524383
2025-11-12 05:30:00,Cardano,0.5458,-0.01923485177504991,0.04566944738608883,-0.04737697427524383
2025-11-13 05:30:00,Cardano,0.5298,-0.029753031436268507,0.04613221832285094,-0.04737697427524383
2025-11-14 05:30:00,Cardano,0.4984,-0.06109660936472605,0.03423722620185101,-0.04737697427524383
2025-11-15 05:30:00,Cardano,0.5036,0.01037933469694885,0.036204776871287876,-0.04737697427524383
2025-11-16 05:30:00,Cardano,0.4845,-0.03866487083937131,0.0332303735480547,-0.04737697427524383
2025-11-17 05:30:00,Cardano,0.4663,-0.038288227516545814,0.025304593139323574,-0.04737697427524383
2025-11-18 05:30:00,Cardano,0.4752,0.01890656423416004,0.02845781161568064,-0.04737697427524383
2025-11-19 05:30:00,Cardano,0.464,-0.02385121582217986,0.028422029216159474,-0.04737697427524383
2025-11-20 05:30:00,Cardano,0.4324,-0.07053346646120207,0.03368278441132694,-0.04737697427524383
2025-11-21 05:30:00,Cardano,0.4091,-0.055391460829700256,0.03283567393310898,-0.04737697427524383
2025-11-22 05:30:00,Cardano,0.4046,-0.011060700201707907,0.02946338420369514,-0.04737697427524383
2025-11-23 05:30:00,Cardano,0.4085,0.009592989566412413,0.0328908949281879,-0.04737697427524383
2025-11-24 05:30:00,Cardano,0.4276,0.04569626485083267,0.04123035820890176,-0.04737697427524383
2025-11-25 05:30:00,Cardano,0.4218,-0.013656911106215919,0.03888257905901283,-0.04737697427524383
2025-11-26 05:30:00,Cardano,0.4356,0.03219312301413113,0.042814948339355875,-0.04737697427524383
2025-11-27 05:30:00,Cardano,0.4331,-0.0057557428382244424,0.03323248980296542,-0.04737697427524383
2025-11-28 05:30:00,Cardano,0.4199,-0.030952060530433312,0.02714033017532998,-0.04737697427524383
2025-11-29 05:30:00,Cardano,0.4147,-0.012461220437811948,0.02727231351893343,-0.04737697427524383
2025-11-30 05:30:00,Cardano,0.4143,-0.0009650181689795367,0.027172393434988857,-0.04737697427524383
2025-12-01 05:30:00,Cardano,0.3856,-0.07178978634696553,0.03161501179813856,-0.04737697427524383
2025-12-02 05:30:00,Cardano,0.4335,0.11709123348420591,0.05907757161903341,-0.04737697427524383
2025-12-03 05:30:00,Cardano,0.4499,0.0371335396265301,0.059499792578925556,-0.04737697427524383
2025-12-04 05:30:00,Cardano,0.4394,-0.02361517589661677,0.060394751582028665,-0.04737697427524383
2025-12-05 05:30:00,Cardano,0.4157,-0.05544631369191799,0.06326765479010295,-0.04737697427524383
2025-12-06 05:30:00,Cardano,0.4138,-0.004581080947149152,0.06310869410651998,-0.04737697427524383
2025-12-07 05:30:00,Cardano,0.4173,0.008422622286064274,0.06319215479827356,-0.04737697427524383
2025-12-08 05:30:00,Cardano,0.4328,0.036470339934764895,0.05513363915085086,-0.04737697427524383
2025-12-09 05:30:00,Cardano,0.4697,0.08181846550067762,0.045107697202177756,-0.04737697427524383
2025-12-10 05:30:00,Cardano,0.4536,-0.03487844061940715,0.04646713254291135,-0.04737697427524383
2025-12-11 05:30:00,Cardano,0.4255,-0.06395080440011358,0.05220019506270483,-0.04737697427524383
2025-12-12 05:30:00,Cardano,0.4091,-0.03930532307807577,0.049884537614042934,-0.04737697427524383
2025-12-13 05:30:00,Cardano,0.4105,0.0034163039571298848,0.04991479344269108,-0.04737697427524383
2025-12-14 05:30:00,Cardano,0.3963,-0.035204428696093526,0.051227635566937144,-0.04737697427524383
2025-12-15 05:30:00,Cardano,0.3882,-0.020650829461479447,0.047492445642212465,-0.04737697427524383
2025-12-16 05:30:00,Cardano,0.3859,-0.005942402191336793,0.022535089167365407,-0.04737697427524383
2025-12-17 05:30:00,Cardano,0.3673,-0.04939931571795142,0.023893292269474887,-0.04737697427524383
2025-12-18 05:30:00,Cardano,0.3753,0.021546753315353495,0.025530413863343173,-0.04737697427524383
2025-06-23 05:30:00,Dogecoin,0.16376,0.07920341659629027,,-0.017764077222917545
2025-06-24 05:30:00,Dogecoin,0.16571,0.011837331288668373,,-0.017764077222917545
2025-06-25 05:30:00,Dogecoin,0.16459,-0.006781739585725699,,-0.017764077222917545
2025-06-26 05:30:00,Dogecoin,0.16001,-0.028221219775193207,,-0.017764077222917545
2025-06-27 05:30:00,Dogecoin,0.16104,0.006416468050752577,,-0.017764077222917545
2025-06-28 05:30:00,Dogecoin,0.16363,0.01595500010926809,,-0.017764077222917545
2025-06-29 05:30:00,Dogecoin,0.16944,0.034891100412292264,0.033997553442310535,-0.017764077222917545
2025-06-30 05:30:00,Dogecoin,0.16518,-0.025463093470525333,0.02285240217976989,-0.017764077222917545
2025-07-01 05:30:00,Dogecoin,0.15778,-0.045834130715627364,0.028169608540336448,-0.017764077222917545
2025-07-02 05:30:00,Dogecoin,0.16869,0.06686105330527647,0.03967074597062409,-0.017764077222917545
2025-07-03 05:30:00,Dogecoin,0.17201,0.01948990368607939,0.037339485242192286,-0.017764077222917545
2025-07-04 05:30:00,Dogecoin,0.16288,-0.054538881296141595,0.04477237839810743,-0.017764077222917545
2025-07-05 05:30:00,Dogecoin,0.16421,0.008132363141588161,0.04445150677766358,-0.017764077222917545
2025-07-06 05:30:00,Dogecoin,0.17196,0.046115795124334724,0.046071592327140885,-0.017764077222917545
2025-07-07 05:30:00,Dogecoin,0.16792,-0.023774216115703073,0.045907266633197816,-0.017764077222917545
2025-07-08 05:30:00,Dogecoin,0.17094,0.017824942225494356,0.04079147474644225,-0.017764077222917545
2025-07-09 05:30:00,Dogecoin,0.18053,0.054584351210694715,0.038192900520739766,-0.017764077222917545
2025-07-10 05:30:00,Dogecoin,0.19507,0.07746149955827453,0.046131971141128277,-0.017764077222917545
2025-07-11 05:30:00,Dogecoin,0.20103,0.030095682146347613,0.03325351223341836,-0.017764077222917545
2025-07-12 05:30:00,Dogecoin,0.19742,-0.018120711663446976,0.037365377821769956,-0.017764077222917545
2025-07-13 05:30:00,Dogecoin,0.19855,0.005707518587518612,0.03691467739332849,-0.017764077222917545
2025-07-14 05:30:00,Dogecoin,0.19749,-0.005353007429365508,0.03375002757176576,-0.017764077222917545
2025-07-15 05:30:00,Dogecoin,0.19919,0.008571192939287542,0.0341729321047897,-0.017764077222917545
2025-07-16 05:30:00,Dogecoin,0.2127,0.06562357911900896,0.03613383905468371,-0.017764077222917545
2025-07-17 05:30:00,Dogecoin,0.21826,0.025804290478752323,0.027503311285585617,-0.017764077222917545
2025-07-18 05:30:00,Dogecoin,0.2358,0.07729697541832681,0.03599655691382526,-0.017764077222917545
2025-07-19 05:30:00,Dogecoin,0.24143,0.02359558790079208,0.031232648904682612,-0.017764077222917545
2025-07-20 05:30:00,Dogecoin,0.27375,0.12563570512664768,0.04592422200709855,-0.017764077222917545
2025-07-21 05:30:00,Dogecoin,0.27142,-0.0085478444774858,0.0465301499748731,-0.017764077222917545
2025-07-22 05:30:00,Dogecoin,0.27093,-0.0018069517224075238,0.04804097219531831,-0.017764077222917545
2025-07-23 05:30:00,Dogecoin,0.24083,-0.1177691945385746,0.07607421044957521,-0.017764077222917545
2025-07-24 05:30:00,Dogecoin,0.23218,-0.03657835748235283,0.0785851250031932,-0.017764077222917545
2025-07-25 05:30:00,Dogecoin,0.23673,0.0194073182911636,0.07302899294111981,-0.017764077222917545
2025-07-26 05:30:00,Dogecoin,0.23543,-0.0055066218441945924,0.07232416890483183,-0.017764077222917545
2025-07-27 05:30:00,Dogecoin,0.24071,0.022179260061491624,0.04799199252822196,-0.017764077222917545
2025-07-28 05:30:00,Dogecoin,0.22615,-0.06239439349449816,0.050408919454999854,-0.017764077222917545
2025-07-29 05:30:00,Dogecoin,0.22392,-0.009909650716654061,0.049848915049952744,-0.017764077222917545
2025-07-30 05:30:00,Dogecoin,0.21999,-0.017706754433380434,0.029920393735109775,-0.017764077222917545
2025-07-31 05:30:00,Dogecoin,0.20974,-0.0477134223675586,0.03163413547615606,-0.017764077222917545
2025-08-01 05:30:00,Dogecoin,0.20097,-0.042713025217973044,0.029145447025231752,-0.017764077222917545
2025-08-02 05:30:00,Dogecoin,0.19098,-0.050986932666229556,0.029559471597042336,-0.017764077222917545
2025-08-03 05:30:00,Dogecoin,0.19876,0.03992935621206328,0.03502659720154399,-0.017764077222917545
2025-08-04 05:30:00,Dogecoin,0.21039,0.05686488448280902,0.04319512811854186,-0.017764077222917545
2025-08-05 05:30:00,Dogecoin,0.19981,-0.05159603620488773,0.04591706241544174,-0.017764077222917545
2025-08-06 05:30:00,Dogecoin,0.20524,0.026813111061723127,0.048685402641844955,-0.017764077222917545
2025-08-07 05:30:00,Dogecoin,0.22228,0.07975782233795625,0.05554686306460156,-0.017764077222917545
2025-08-08 05:30:00,Dogecoin,0.23039,0.03583567669031029,0.05129633892471242,-0.017764077222917545
2025-08-09 05:30:00,Dogecoin,0.23995,0.04065704320222374,0.040955687206794184,-0.017764077222917545
2025-08-10 05:30:00,Dogecoin,0.23385,-0.025750684132359147,0.04618835848216291,-0.017764077222917545
2025-08-11 05:30:00,Dogecoin,0.22207,-0.05168723668572728,0.05098567352810082,-0.017764077222917545
2025-08-12 05:30:00,Dogecoin,0.23582,0.06007615466235916,0.04661689877068956,-0.017764077222917545
2025-08-13 05:30:00,Dogecoin,0.24482,0.03745444449883917,0.04690900814990835,-0.017764077222917545
2025-08-14 05:30:00,Dogecoin,0.22382,-0.0896810892574853,0.05674464243633588,-0.017764077222917545
2025-08-15 05:30:00,Dogecoin,0.22886,0.022268305499687724,0.05557558810729317,-0.017764077222917545
2025-08-16 05:30:00,Dogecoin,0.23115,0.009956387544665546,0.05289126810365288,-0.017764077222917545
2025-08-17 05:30:00,Dogecoin,0.23456,0.01464456826405236,0.052495087952452855,-0.017764077222917545
2025-08-18 05:30:00,Dogecoin,0.22262,-0.052245136633206846,0.05258774917913711,-0.017764077222917545
2025-08-19 05:30:00,Dogecoin,0.20943,-0.06107672741466019,0.04950221454078621,-0.017764077222917545
2025-08-20 05:30:00,Dogecoin,0.22169,0.056890454955442094,0.05345025972609394,-0.017764077222917545
2025-08-21 05:30:00,Dogecoin,0.21473,-0.031898584626820936,0.043354862528127945,-0.017764077222917545
2025-08-22 05:30:00,Dogecoin,0.24054,0.1135049709034297,0.06265911330354586,-0.017764077222917545
2025-08-23 05:30:00,Dogecoin,0.23631,-0.017741893499127803,0.06332054599099966,-0.017764077222917545
2025-08-24 05:30:00,Dogecoin,0.23182,-0.01918329392274387,0.06358772490307912,-0.017764077222917545
2025-08-25 05:30:00,Dogecoin,0.20965,-0.1005217348438272,0.07204215890021452,-0.017764077222917545
2025-08-26 05:30:00,Dogecoin,0.21839,0.04084298165990918,0.06993121312813906,-0.017764077222917545
2025-08-27 05:30:00,Dogecoin,0.21892,0.0024239109990364938,0.06625673566744192,-0.017764077222917545
2025-08-28 05:30:00,Dogecoin,0.22437,0.02459010859596855,0.06541402062673585,-0.017764077222917545
2025-08-29 05:30:00,Dogecoin,0.21391,-0.04774110905797202,0.04722049557067009,-0.017764077222917545
2025-08-30 05:30:00,Dogecoin,0.21595,0.00949153359299637,0.04823719963724276,-0.017764077222917545
2025-08-31 05:30:00,Dogecoin,0.21371,-0.010426943604610495,0.048159701440684745,-0.017764077222917545
2025-09-01 05:30:00,Dogecoin,0.21073,-0.01404226259297836,0.028723205825870804,-0.017764077222917545
2025-09-02 05:30:00,Dogecoin,0.21489,0.019548576085348213,0.024598833649364462,-0.017764077222917545
2025-09-03 05:30:00,Dogecoin,0.2203,0.024863984513827875,0.026691465410876396,-0.017764077222917545
2025-09-04 05:30:00,Dogecoin,0.21241,-0.03647188456950379,0.02761976627068361,-0.017764077222917545
2025-09-05 05:30:00,Dogecoin,0.21788,0.025426083276679945,0.023539809439865656,-0.017764077222917545
2025-09-06 05:30:00,Dogecoin,0.21595,-0.00889755310876339,0.023671788309784624,-0.017764077222917545
2025-09-07 05:30:00,Dogecoin,0.22877,0.0576702326209817,0.03140274716082757,-0.017764077222917545
2025-09-08 05:30:00,Dogecoin,0.24164,0.0547318832428485,0.03342005035741746,-0.017764077222917545
2025-09-09 05:30:00,Dogecoin,0.24063,-0.004188531223597414,0.034603873025244467,-0.017764077222917545
2025-09-10 05:30:00,Dogecoin,0.24536,0.019466035759053035,0.03443737811593609,-0.017764077222917545
2025-09-11 05:30:00,Dogecoin,0.25603,0.04256810530764765,0.026683255099459922,-0.017764077222917545
2025-09-12 05:30:00,Dogecoin,0.2755,0.07329300347932555,0.03192604420114557,-0.017764077222917545
2025-09-13 05:30:00,Dogecoin,0.28938,0.049153074715966305,0.026074619061253346,-0.017764077222917545
2025-09-14 05:30:00,Dogecoin,0.27796,-0.04026348486280895,0.03914576570368655,-0.017764077222917545
2025-09-15 05:30:00,Dogecoin,0.26831,-0.0353341899983497,0.043397815747495065,-0.017764077222917545
2025-09-16 05:30:00,Dogecoin,0.26995,0.006093728216519212,0.0428118748902529,-0.017764077222917545
2025-09-17 05:30:00,Dogecoin,0.28256,0.04565416075129902,0.04424223514347756,-0.017764077222917545
2025-09-18 05:30:00,Dogecoin,0.27857,-0.014221543131393455,0.044654631102118494,-0.017764077222917545
2025-09-19 05:30:00,Dogecoin,0.26527,-0.048921199067084586,0.04041060825250789,-0.017764077222917545
2025-09-20 05:30:00,Dogecoin,0.26759,0.00870778313093723,0.03363269843241743,-0.017764077222917545
2025-09-21 05:30:00,Dogecoin,0.26074,-0.025932216113421447,0.03196219063592176,-0.017764077222917545
2025-09-22 05:30:00,Dogecoin,0.24122,-0.07781436207953596,0.0406243956268767,-0.017764077222917545
2025-09-23 05:30:00,Dogecoin,0.23709,-0.017269564270103288,0.03952785328419848,-0.017764077222917545
2025-09-24 05:30:00,Dogecoin,0.24107,0.016647531862893583,0.03258742356733963,-0.017764077222917545
2025-09-25 05:30:00,Dogecoin,0.22292,-0.07827438504655149,0.03830562259893366,-0.017764077222917545
2025-09-26 05:30:00,Dogecoin,0.23244,0.04181916450556922,0.04611752894902488,-0.017764077222917545
2025-09-27 05:30:00,Dogecoin,0.23077,-0.0072105836904170495,0.044907402981106334,-0.017764077222917545
2025-09-28 05:30:00,Dogecoin,0.23735,0.028114301480839154,0.04845379373302939,-0.017764077222917545
2025-09-29 05:30:00,Dogecoin,0.23478,-0.01088693954695108,0.039385746280489735,-0.017764077222917545
2025-09-30 05:30:00,Dogecoin,0.23293,-0.007910926207112867,0.03901198931017632,-0.017764077222917545
2025-10-01 05:30:00,Dogecoin,0.24906,0.0669558520497393,0.04695820733445133,-0.017764077222917545
2025-10-02 05:30:00,Dogecoin,0.262,0.050650672468094404,0.031868068357855724,-0.017764077222917545
2025-10-03 05:30:00,Dogecoin,0.25819,-0.014648755765492627,0.033440913713167146,-0.017764077222917545
2025-10-04 05:30:00,Dogecoin,0.25084,-0.028880462320784117,0.036686200243157434,-0.017764077222917545
2025-10-05 05:30:00,Dogecoin,0.25284,0.007941591929278013,0.03598711671504569,-0.017764077222917545
2025-10-06 05:30:00,Dogecoin,0.26603,0.050852206773081665,0.037811201077514574,-0.017764077222917545
2025-10-07 05:30:00,Dogecoin,0.24682,-0.07494975835214213,0.05145298350837558,-0.017764077222917545
2025-10-08 05:30:00,Dogecoin,0.25564,0.03511087875704333,0.04657659294689777,-0.017764077222917545
2025-10-09 05:30:00,Dogecoin,0.24849,-0.02836760150379858,0.04272438308662948,-0.017764077222917545
2025-10-10 05:30:00,Dogecoin,0.19349,-0.25017677173044506,0.10152063264757362,-0.017764077222917545
2025-10-11 05:30:00,Dogecoin,0.18527,-0.04341161098591595,0.10137496252367496,-0.017764077222917545
2025-10-12 05:30:00,Dogecoin,0.20717,0.11172549169587609,0.11656674665672062,-0.017764077222917545
2025-10-13 05:30:00,Dogecoin,0.2138,0.031501286333147416,0.1145849684202533,-0.017764077222917545
2025-10-14 05:30:00,Dogecoin,0.20437,-0.0451089220705001,0.11323421817110242,-0.017764077222917545
2025-10-15 05:30:00,Dogecoin,0.19621,-0.04074656228843465,0.10988402748798835,-0.017764077222917545
2025-10-16 05:30:00,Dogecoin,0.1885,-0.04008750734394462,0.10980565292176173,-0.017764077222917545
2025-10-17 05:30:00,Dogecoin,0.1847,-0.020365119682871136,0.05883242999167218,-0.017764077222917545
2025-10-18 05:30:00,Dogecoin,0.18962,0.02628918228461874,0.057454239340839666,-0.017764077222917545
2025-10-19 05:30:00,Dogecoin,0.19535,0.029770752011266444,0.03604063721905882,-0.017764077222917545
2025-10-20 05:30:00,Dogecoin,0.2,0.023524545046957224,0.03466905531913492,-0.017764077222917545
2025-10-21 05:30:00,Dogecoin,0.19427,-0.029068422497347424,0.032380179920672617,-0.017764077222917545
2025-10-22 05:30:00,Dogecoin,0.18993,-0.022593360826544506,0.02987984707941913,-0.017764077222917545
2025-10-23 05:30:00,Dogecoin,0.19493,0.025984936533908654,0.027127730494846965,-0.017764077222917545
2025-10-24 05:30:00,Dogecoin,0.19775,0.014363086889709775,0.024839248986613553,-0.017764077222917545
2025-10-25 05:30:00,Dogecoin,0.19652,-0.006239399347315766,0.02426616393069559,-0.017764077222917545
2025-10-26 05:30:00,Dogecoin,0.20577,0.04599483287889217,0.027565145031500825,-0.017764077222917545
2025-10-27 05:30:00,Dogecoin,0.20038,-0.026543476348222628,0.029141735500493322,-0.017764077222917545
2025-10-28 05:30:00,Dogecoin,0.19362,-0.034318088539191605,0.030075218530960388,-0.017764077222917545
2025-10-29 05:30:00,Dogecoin,0.19237,-0.006476874373835262,0.028684866024072383,-0.017764077222917545
2025-10-30 05:30:00,Dogecoin,0.18268,-0.05168461260129198,0.03254353416763302,-0.017764077222917545
2025-10-31 05:30:00,Dogecoin,0.18644,0.020373483187742014,0.03334058401728588,-0.017764077222917545
2025-11-01 05:30:00,Dogecoin,0.18736,0.0049224283448670025,0.03372656793122074,-0.017764077222917545
2025-11-02 05:30:00,Dogecoin,0.18638,-0.005244299491897753,0.02470834233471001,-0.017764077222917545
2025-11-03 05:30:00,Dogecoin,0.16741,-0.10734170692981593,0.043326859719430524,-0.017764077222917545
2025-11-04 05:30:00,Dogecoin,0.16223,-0.03143081200538589,0.0432446007652237,-0.017764077222917545
2025-11-05 05:30:00,Dogecoin,0.16719,0.03011580882724707,0.047860231384549465,-0.017764077222917545
2025-11-06 05:30:00,Dogecoin,0.16164,-0.03375925003928182,0.046340396123191345,-0.017764077222917545
2025-11-07 05:30:00,Dogecoin,0.17877,0.10072842321672448,0.06390438457385897,-0.017764077222917545
2025-11-08 05:30:00,Dogecoin,0.17605,-0.01533201782593574,0.06378577270010391,-0.017764077222917545
2025-11-09 05:30:00,Dogecoin,0.1793,0.018292335010025473,0.06462510559135723,-0.017764077222917545
2025-11-10 05:30:00,Dogecoin,0.18179,0.013791794118883205,0.046494695696761464,-0.017764077222917545
2025-11-11 05:30:00,Dogecoin,0.17206,-0.055008921536768396,0.05080083016631717,-0.017764077222917545
2025-11-12 05:30:00,Dogecoin,0.17018,-0.010986552771790725,0.05024539039879027,-0.017764077222917545
2025-11-13 05:30:00,Dogecoin,0.16384,-0.03796635857026809,0.05077422475012983,-0.017764077222917545
2025-11-14 05:30:00,Dogecoin,0.15765,-0.038512955860073195,0.027608104015067324,-0.017764077222917545
2025-11-15 05:30:00,Dogecoin,0.16316,0.034353928458287886,0.034035405114038735,-0.017764077222917545
2025-11-16 05:30:00,Dogecoin,0.15857,-0.028535178247881765,0.03188396362337834,-0.017764077222917545
2025-11-17 05:30:00,Dogecoin,0.15214,-0.041394986632320885,0.02958178093281014,-0.017764077222917545
2025-11-18 05:30:00,Dogecoin,0.16173,0.061127128562531885,0.040706834649071384,-0.017764077222917545
2025-11-19 05:30:00,Dogecoin,0.1546,-0.04508714197836561,0.04298267813486455,-0.017764077222917545
2025-11-20 05:30:00,Dogecoin,0.14892,-0.0374318871488053,0.04293286787939477,-0.017764077222917545
2025-11-21 05:30:00,Dogecoin,0.14029,-0.059697540273835115,0.04563971399343484,-0.017764077222917545
2025-11-22 05:30:00,Dogecoin,0.14027,-0.00014257199910083784,0.04082044844862127,-0.017764077222917545
2025-11-23 05:30:00,Dogecoin,0.145,0.033164605688994264,0.04546869809377588,-0.017764077222917545
2025-11-24 05:30:00,Dogecoin,0.15181,0.0458959965240493,0.04820096649738142,-0.017764077222917545
2025-11-25 05:30:00,Dogecoin,0.15301,0.007873539789098327,0.0404707552076447,-0.017764077222917545
2025-11-26 05:30:00,Dogecoin,0.15474,0.011243010387586239,0.03732643668309356,-0.017764077222917545
2025-11-27 05:30:00,Dogecoin,0.15264,-0.01366408142133202,0.034298421385051875,-0.017764077222917545
2025-11-28 05:30:00,Dogecoin,0.15017,-0.016314222007786983,0.023043247400018476,-0.017764077222917545
2025-11-29 05:30:00,Dogecoin,0.14837,-0.012058831729486963,0.02429939912127074,-0.017764077222917545
2025-11-30 05:30:00,Dogecoin,0.14599,-0.016171027750813805,0.022905620475536445,-0.017764077222917545
2025-12-01 05:30:00,Dogecoin,0.13547,-0.07478791261924345,0.0282511322389855,-0.017764077222917545
2025-12-02 05:30:00,Dogecoin,0.14577,0.07327982349327633,0.04399561187866124,-0.017764077222917545
2025-12-03 05:30:00,Dogecoin,0.15166,0.03961113618686807,0.04714205472038384,-0.017764077222917545
2025-12-04 05:30:00,Dogecoin,0.14739,-0.028559038424122996,0.04803799861095665,-0.017764077222917545
2025-12-05 05:30:00,Dogecoin,0.13956,-0.05458751853009325,0.05158737222284601,-0.017764077222917545
2025-12-06 05:30:00,Dogecoin,0.13975,0.0013604957166353238,0.05176741065890503,-0.017764077222917545
2025-12-07 05:30:00,Dogecoin,0.13867,-0.0077581022694357404,0.05165854970627468,-0.017764077222917545
2025-12-08 05:30:00,Dogecoin,0.14259,0.027876369528254896,0.04320241348841698,-0.017764077222917545
2025-12-09 05:30:00,Dogecoin,0.14797,0.037036171220415026,0.03545704420763299,-0.017764077222917545
2025-12-10 05:30:00,Dogecoin,0.14332,-0.03192965807768977,0.03308751647162162,-0.017764077222917545
2025-12-11 05:30:00,Dogecoin,0.14033,-0.021083100673708666,0.03243046559106741,-0.017764077222917545
2025-12-12 05:30:00,Dogecoin,0.13692,-0.02459997810105974,0.026545132805443128,-0.017764077222917545
2025-12-13 05:30:00,Dogecoin,0.13905,0.01543676701798935,0.027425075968306054,-0.017764077222917545
2025-12-14 05:30:00,Dogecoin,0.13408,-0.03639694394620108,0.03060256057117662,-0.017764077222917545
2025-12-15 05:30:00,Dogecoin,0.12975,-0.032827114687774994,0.028311985300690186,-0.017764077222917545
2025-12-16 05:30:00,Dogecoin,0.13179,0.01560022460980015,0.022500076018642515,-0.017764077222917545
2025-12-17 05:30:00,Dogecoin,0.12633,-0.04231221581385203,0.023977168538093396,-0.017764077222917545
2025-12-18 05:30:00,Dogecoin,0.13031,0.031018696314868865,0.030159768496108807,-0.017764077222917545
